,element_name
0,ATLMDTMDM3:MDT_BA_JTAG_OUTER|BOL6A15.fsm.currentState
1,ATLMDTMDM6:MDT_ECA_JTAG_EE|BEE1A04.fsm.currentState
2,ATLMDTMDM1:MDT_BC_JTAG_INNER|BIS2C02.fsm.currentState
3,ATLMDTMDM4:MDT_ECA_JTAG_MIDDLE|EML5A07.fsm.currentState
4,ATLMDTMDM5:MDT_ECC_JTAG_OUTER|EOL1C11.fsm.currentState
5,ATLMDTMDM5:MDT_ECC_JTAG_OUTER|EOS1C06.fsm.currentState
6,ATLMDTMDM5:MDT_ECC_JTAG_OUTER|EOS3C14.fsm.currentState
7,ATLMDTMDM5:MDT_ECC_JTAG_OUTER|EOS5C04.fsm.currentState
8,ATLMDTMDM1:MDT_BC_JTAG_INNER|BIS4C04.fsm.currentState
9,ATLMDTMDM5:MDT_ECC_JTAG_MIDDLE|EML1C07.fsm.currentState
10,ATLMDTMDM5:MDT_ECC_JTAG_OUTER|EOL6C03.fsm.currentState
11,ATLMDTMDM6:MDT_ECC_JTAG_EE|EES1C06.fsm.currentState
12,ATLMDTMDM4:MDT_ECA_JTAG_OUTER|EOS6A06.fsm.currentState
13,ATLMDTMDM2:MDT_BC_JTAG_MIDDLE|BML5C03.fsm.currentState
14,ATLMDTMDM2:MDT_BC_JTAG_MIDDLE|BME5C13.fsm.currentState
15,ATLMDTMDM2:MDT_BC_JTAG_MIDDLE|BMS5C16.fsm.currentState
16,ATLMDTMDM1:MDT_BA_JTAG_INNER|BIL3A05.fsm.currentState
17,ATLMDTMDM1:MDT_BA_JTAG_INNER|BIS1A06.fsm.currentState
18,ATLMDTMDM1:MDT_BA_JTAG_INNER|BIM5A11.fsm.currentState
19,ATLMDTMDM1:MDT_BC_JTAG_INNER|BIS5C12.fsm.currentState
20,ATLMDTMDM4:MDT_ECA_JTAG_MIDDLE|EMS3A16.fsm.currentState
21,ATLMDTMDM3:MDT_BC_JTAG_OUTER|BOS1C04.fsm.currentState
22,ATLMDTMDM4:MDT_ECA_JTAG_OUTER|EOL5A07.fsm.currentState
23,ATLMDTMDM5:MDT_ECC_JTAG_MIDDLE|EML4C05.fsm.currentState
24,ATLMDTMDM2:MDT_BA_JTAG_MIDDLE|BMG6A14.fsm.currentState
25,ATLMDTMDM4:MDT_ECA_JTAG_OUTER|EOL2A05.fsm.currentState
26,ATLMDTMDM5:MDT_ECC_JTAG_MIDDLE|EML2C11.fsm.currentState
27,ATLMDTMDM5:MDT_ECC_JTAG_INNER|BIS7C16.fsm.currentState
28,ATLMDTMDM3:MDT_BA_JTAG_OUTER|BOS3A04.fsm.currentState
29,ATLMDTMDM6:MDT_ECC_JTAG_EE|EES2C06.fsm.currentState
30,ATLMDTMDM1:MDT_BC_JTAG_INNER|BIS1C08.fsm.currentState
31,ATLMDTMDM4:MDT_ECA_JTAG_OUTER|EOS1A08.fsm.currentState
32,ATLMDTMDM5:MDT_ECC_JTAG_OUTER|EOL3C11.fsm.currentState
33,ATLMDTMDM5:MDT_ECC_JTAG_OUTER|EOL5C05.fsm.currentState
34,ATLMDTMDM4:MDT_ECA_JTAG_INNER|EIL4A05.fsm.currentState
35,ATLMDTMDM5:MDT_ECC_JTAG_OUTER|EOL1C03.fsm.currentState
36,ATLMDTMDM6:MDT_ECC_JTAG_EE|BEE1C02.fsm.currentState
37,ATLMDTMDM2:MDT_BA_JTAG_MIDDLE|BML5A03.fsm.currentState
38,ATLMDTMDM2:MDT_BA_JTAG_MIDDLE|BMS5A10.fsm.currentState
39,ATLMDTMDM1:MDT_BA_JTAG_INNER|BIL2A05.fsm.currentState
40,ATLMDTMDM1:MDT_BA_JTAG_INNER|BIL6A01.fsm.currentState
41,ATLMDTMDM5:MDT_ECC_JTAG_OUTER|EOL1C07.fsm.currentState
42,ATLMDTMDM6:MDT_ECA_JTAG_EE|EEL1A01.fsm.currentState
43,ATLMDTMDM1:MDT_BA_JTAG_INNER|BIL3A01.fsm.currentState
44,ATLMDTMDM5:MDT_ECC_JTAG_INNER|BIS8C02.fsm.currentState
45,ATLMDTMDM3:MDT_BA_JTAG_OUTER|BOL1A13.fsm.currentState
46,ATLMDTMDM3:MDT_BA_JTAG_OUTER|BOL5A15.fsm.currentState
47,ATLMDTMDM3:MDT_BA_JTAG_OUTER|BOS3A16.fsm.currentState
48,ATLMDTMDM2:MDT_BC_JTAG_MIDDLE|BML6C13.fsm.currentState
49,ATLMDTMDM1:MDT_BA_JTAG_INNER|BIL4A13.fsm.currentState
50,ATLMDTMDM4:MDT_ECA_JTAG_OUTER|EOL4A15.fsm.currentState
51,ATLMDTMDM4:MDT_ECA_JTAG_OUTER|EOL5A15.fsm.currentState
52,ATLMDTMDM5:MDT_ECC_JTAG_MIDDLE|EMS5C10.fsm.currentState
53,ATLMDTMDM5:MDT_ECC_JTAG_OUTER|EOL5C15.fsm.currentState
54,ATLMDTMDM3:MDT_BA_JTAG_OUTER|BOL5A03.fsm.currentState
55,ATLMDTMDM3:MDT_BA_JTAG_OUTER|BOL4A11.fsm.currentState
56,ATLMDTMDM1:MDT_BC_JTAG_INNER|BIL5C13.fsm.currentState
57,ATLMDTMDM4:MDT_ECA_JTAG_MIDDLE|EMS2A08.fsm.currentState
58,ATLMDTMDM5:MDT_ECC_JTAG_OUTER|EOL4C11.fsm.currentState
59,ATLMDTMDM4:MDT_ECA_JTAG_MIDDLE|EML1A15.fsm.currentState
60,ATLMDTMDM4:MDT_ECA_JTAG_OUTER|EOS5A08.fsm.currentState
61,ATLMDTMDM6:MDT_ECA_JTAG_EE|BEE1A08.fsm.currentState
62,ATLMDTMDM6:MDT_ECC_JTAG_EE|EEL2C03.fsm.currentState
63,ATLMDTMDM4:MDT_ECA_JTAG_MIDDLE|EMS1A08.fsm.currentState
64,ATLMDTMDM4:MDT_ECA_JTAG_MIDDLE|EMS3A02.fsm.currentState
65,ATLMDTMDM4:MDT_ECA_JTAG_OUTER|EOS3A16.fsm.currentState
66,ATLMDTMDM5:MDT_ECC_JTAG_MIDDLE|EML4C09.fsm.currentState
67,ATLMDTMDM5:MDT_ECC_JTAG_MIDDLE|EML5C15.fsm.currentState
68,ATLMDTMDM5:MDT_ECC_JTAG_MIDDLE|EMS5C06.fsm.currentState
69,ATLMDTMDM5:MDT_ECC_JTAG_OUTER|EOS2C14.fsm.currentState
70,ATLMDTMDM1:MDT_BA_JTAG_INNER|BIL4A07.fsm.currentState
71,ATLMDTMDM1:MDT_BA_JTAG_INNER|BIS2A14.fsm.currentState
72,ATLMDTMDM1:MDT_BC_JTAG_INNER|BIS2C04.fsm.currentState
73,ATLMDTMDM5:MDT_ECC_JTAG_OUTER|EOS2C12.fsm.currentState
74,ATLMDTMDM4:MDT_ECA_JTAG_INNER|EIL4A11.fsm.currentState
75,ATLMDTMDM2:MDT_BA_JTAG_MIDDLE|BML6A09.fsm.currentState
76,ATLMDTMDM2:MDT_BC_JTAG_MIDDLE|BML1C09.fsm.currentState
77,ATLMDTMDM1:MDT_BC_JTAG_INNER|BIL1C13.fsm.currentState
78,ATLMDTMDM1:MDT_BA_JTAG_INNER|BIS4A04.fsm.currentState
79,ATLMDTMDM4:MDT_ECA_JTAG_MIDDLE|EMS2A10.fsm.currentState
80,ATLMDTMDM5:MDT_ECC_JTAG_MIDDLE|EML2C09.fsm.currentState
81,ATLMDTMDM2:MDT_BA_JTAG_MIDDLE|BMS3A08.fsm.currentState
82,ATLMDTMDM2:MDT_BA_JTAG_MIDDLE|BML2A09.fsm.currentState
83,ATLMDTMDM1:MDT_BA_JTAG_INNER|BIL3A03.fsm.currentState
84,ATLMDTMDM4:MDT_ECA_JTAG_OUTER|EOL5A01.fsm.currentState
85,ATLMDTMDM5:MDT_ECC_JTAG_OUTER|EOS6C10.fsm.currentState
86,ATLMDTMDM4:MDT_ECA_JTAG_MIDDLE|EML2A01.fsm.currentState
87,ATLMDTMDM3:MDT_BA_JTAG_OUTER|BOG4A12.fsm.currentState
88,ATLMDTMDM3:MDT_BA_JTAG_OUTER|BOG4A14.fsm.currentState
89,ATLMDTMDM3:MDT_BC_JTAG_OUTER|BOS2C10.fsm.currentState
90,ATLMDTMDM1:MDT_BC_JTAG_INNER|BIM5C15.fsm.currentState
91,ATLMDTMDM4:MDT_ECA_JTAG_OUTER|EOL5A13.fsm.currentState
92,ATLMDTMDM4:MDT_ECA_JTAG_OUTER|EOS4A16.fsm.currentState
93,ATLMDTMDM5:MDT_ECC_JTAG_MIDDLE|EML3C13.fsm.currentState
94,ATLMDTMDM5:MDT_ECC_JTAG_MIDDLE|EML3C15.fsm.currentState
95,ATLMDTMDM5:MDT_ECC_JTAG_MIDDLE|EMS4C12.fsm.currentState
96,ATLMDTMDM5:MDT_ECC_JTAG_OUTER|EOS5C16.fsm.currentState
97,ATLMDTMDM3:MDT_BA_JTAG_OUTER|BOL2A15.fsm.currentState
98,ATLMDTMDM4:MDT_ECA_JTAG_OUTER|EOS4A14.fsm.currentState
99,ATLMDTMDM6:MDT_ECA_JTAG_EE|EEL2A11.fsm.currentState
100,ATLMDTMDM2:MDT_BA_JTAG_MIDDLE|BML3A09.fsm.currentState
101,ATLMDTMDM2:MDT_BA_JTAG_MIDDLE|BML2A13.fsm.currentState
102,ATLMDTMDM2:MDT_BA_JTAG_MIDDLE|BML6A15.fsm.currentState
103,ATLMDTMDM1:MDT_BA_JTAG_INNER|BIL4A05.fsm.currentState
104,ATLMDTMDM1:MDT_BA_JTAG_INNER|BIL5A03.fsm.currentState
105,ATLMDTMDM4:MDT_ECA_JTAG_MIDDLE|EMS2A06.fsm.currentState
106,ATLMDTMDM3:MDT_BC_JTAG_OUTER|BOL1C01.fsm.currentState
107,ATLMDTMDM3:MDT_BA_JTAG_OUTER|BOL6A01.fsm.currentState
108,ATLMDTMDM3:MDT_BA_JTAG_OUTER|BOS5A04.fsm.currentState
109,ATLMDTMDM2:MDT_BA_JTAG_MIDDLE|BMG4A12.fsm.currentState
110,ATLMDTMDM3:MDT_BA_JTAG_OUTER|BOG2A14.fsm.currentState
111,ATLMDTMDM3:MDT_BC_JTAG_OUTER|BOS6C04.fsm.currentState
112,ATLMDTMDM3:MDT_BC_JTAG_OUTER|BOG8C12.fsm.currentState
113,ATLMDTMDM3:MDT_BA_JTAG_OUTER|BOL5A07.fsm.currentState
114,ATLMDTMDM6:MDT_ECA_JTAG_EE|EES1A10.fsm.currentState
115,ATLMDTMDM2:MDT_BA_JTAG_MIDDLE|BMS1A04.fsm.currentState
116,ATLMDTMDM2:MDT_BA_JTAG_MIDDLE|BMS3A04.fsm.currentState
117,ATLMDTMDM2:MDT_BA_JTAG_MIDDLE|BML1A15.fsm.currentState
118,ATLMDTMDM1:MDT_BC_JTAG_INNER|BIL6C09.fsm.currentState
119,ATLMDTMDM5:MDT_ECC_JTAG_INNER|EIL4C07.fsm.currentState
120,ATLMDTMDM5:MDT_ECC_JTAG_MIDDLE|EML1C13.fsm.currentState
121,ATLMDTMDM3:MDT_BA_JTAG_OUTER|BOG6A14.fsm.currentState
122,ATLMDTMDM3:MDT_BC_JTAG_OUTER|BOS4C08.fsm.currentState
123,ATLMDTMDM6:MDT_ECC_JTAG_EE|BEE1C08.fsm.currentState
124,ATLMDTMDM3:MDT_BC_JTAG_OUTER|BOL6C09.fsm.currentState
125,ATLMDTMDM6:MDT_ECC_JTAG_EE|EES1C04.fsm.currentState
126,ATLMDTMDM5:MDT_ECC_JTAG_MIDDLE|EML4C07.fsm.currentState
127,ATLMDTMDM3:MDT_BC_JTAG_OUTER|BOL5C05.fsm.currentState
128,ATLMDTMDM3:MDT_BA_JTAG_OUTER|BOL3A07.fsm.currentState
129,ATLMDTMDM6:MDT_ECA_JTAG_EE|EES1A02.fsm.currentState
130,ATLMDTMDM2:MDT_BA_JTAG_MIDDLE|BML3A07.fsm.currentState
131,ATLMDTMDM2:MDT_BA_JTAG_MIDDLE|BML5A13.fsm.currentState
132,ATLMDTMDM2:MDT_BC_JTAG_MIDDLE|BMS5C06.fsm.currentState
133,ATLMDTMDM1:MDT_BC_JTAG_INNER|BIS5C06.fsm.currentState
134,ATLMDTMDM4:MDT_ECA_JTAG_OUTER|EOS6A08.fsm.currentState
135,ATLMDTMDM4:MDT_ECA_JTAG_OUTER|EOS6A14.fsm.currentState
136,ATLMDTMDM3:MDT_BC_JTAG_OUTER|BOS2C06.fsm.currentState
137,ATLMDTMDM2:MDT_BA_JTAG_MIDDLE|BMS6A10.fsm.currentState
138,ATLMDTMDM4:MDT_ECA_JTAG_MIDDLE|EMS5A02.fsm.currentState
139,ATLMDTMDM5:MDT_ECC_JTAG_MIDDLE|EML5C03.fsm.currentState
140,ATLMDTMDM3:MDT_BC_JTAG_OUTER|BOL4C11.fsm.currentState
141,ATLMDTMDM6:MDT_ECC_JTAG_EE|EES2C12.fsm.currentState
142,ATLMDTMDM4:MDT_ECA_JTAG_INNER|BIX7A16.fsm.currentState
143,ATLMDTMDM4:MDT_ECA_JTAG_OUTER|EOL5A09.fsm.currentState
144,ATLMDTMDM5:MDT_ECC_JTAG_OUTER|EOL1C01.fsm.currentState
145,ATLMDTMDM4:MDT_ECA_JTAG_INNER|EIL4A01.fsm.currentState
146,ATLMDTMDM3:MDT_BC_JTAG_OUTER|BOS4C04.fsm.currentState
147,ATLMDTMDM6:MDT_ECC_JTAG_EE|EEL1C13.fsm.currentState
148,ATLMDTMDM5:MDT_ECC_JTAG_MIDDLE|EMS4C08.fsm.currentState
149,ATLMDTMDM3:MDT_BC_JTAG_OUTER|BOS1C08.fsm.currentState
150,ATLMDTMDM4:MDT_ECA_JTAG_MIDDLE|EML2A09.fsm.currentState
151,ATLMDTMDM1:MDT_BC_JTAG_INNER|BIL5C09.fsm.currentState
152,ATLMDTMDM3:MDT_BC_JTAG_OUTER|BOS5C08.fsm.currentState
153,ATLMDTMDM2:MDT_BC_JTAG_MIDDLE|BMF1C14.fsm.currentState
154,ATLMDTMDM4:MDT_ECA_JTAG_INNER|BIY7A04.fsm.currentState
155,ATLMDTMDM5:MDT_ECC_JTAG_OUTER|EOS4C14.fsm.currentState
156,ATLMDTMDM1:MDT_BC_JTAG_INNER|BIL6C01.fsm.currentState
157,ATLMDTMDM1:MDT_BC_JTAG_INNER|BIL3C03.fsm.currentState
158,ATLMDTMDM5:MDT_ECC_JTAG_MIDDLE|EML1C03.fsm.currentState
159,ATLMDTMDM5:MDT_ECC_JTAG_OUTER|EOS1C16.fsm.currentState
160,ATLMDTMDM1:MDT_BA_JTAG_INNER|BIR6A11.fsm.currentState
161,ATLMDTMDM5:MDT_ECC_JTAG_MIDDLE|EML3C03.fsm.currentState
162,ATLMDTMDM1:MDT_BC_JTAG_INNER|BIL4C05.fsm.currentState
163,ATLMDTMDM1:MDT_BC_JTAG_INNER|BIS4C08.fsm.currentState
164,ATLMDTMDM4:MDT_ECA_JTAG_OUTER|EOS5A10.fsm.currentState
165,ATLMDTMDM5:MDT_ECC_JTAG_OUTER|EOS3C02.fsm.currentState
166,ATLMDTMDM6:MDT_ECA_JTAG_EE|BEE2A14.fsm.currentState
167,ATLMDTMDM6:MDT_ECC_JTAG_EE|EES1C02.fsm.currentState
168,ATLMDTMDM2:MDT_BC_JTAG_MIDDLE|BMS2C06.fsm.currentState
169,ATLMDTMDM1:MDT_BC_JTAG_INNER|BIS6C04.fsm.currentState
170,ATLMDTMDM5:MDT_ECC_JTAG_MIDDLE|EML2C03.fsm.currentState
171,ATLMDTMDM5:MDT_ECC_JTAG_OUTER|EOL3C05.fsm.currentState
172,ATLMDTMDM3:MDT_BA_JTAG_OUTER|BOS3A10.fsm.currentState
173,ATLMDTMDM2:MDT_BC_JTAG_MIDDLE|BMG4C14.fsm.currentState
174,ATLMDTMDM5:MDT_ECC_JTAG_MIDDLE|EML4C11.fsm.currentState
175,ATLMDTMDM5:MDT_ECC_JTAG_MIDDLE|EMS1C12.fsm.currentState
176,ATLMDTMDM5:MDT_ECC_JTAG_MIDDLE|EMS3C16.fsm.currentState
177,ATLMDTMDM5:MDT_ECC_JTAG_OUTER|EOS5C08.fsm.currentState
178,ATLMDTMDM3:MDT_BA_JTAG_OUTER|BOL6A03.fsm.currentState
179,ATLMDTMDM2:MDT_BC_JTAG_MIDDLE|BMS5C04.fsm.currentState
180,ATLMDTMDM2:MDT_BC_JTAG_MIDDLE|BMS2C16.fsm.currentState
181,ATLMDTMDM1:MDT_BA_JTAG_INNER|BIS4A06.fsm.currentState
182,ATLMDTMDM1:MDT_BA_JTAG_INNER|BIS1A16.fsm.currentState
183,ATLMDTMDM1:MDT_BC_JTAG_INNER|BIS3C16.fsm.currentState
184,ATLMDTMDM5:MDT_ECC_JTAG_MIDDLE|EMS1C04.fsm.currentState
185,ATLMDTMDM5:MDT_ECC_JTAG_MIDDLE|EMS2C12.fsm.currentState
186,ATLMDTMDM3:MDT_BC_JTAG_OUTER|BOL1C11.fsm.currentState
187,ATLMDTMDM1:MDT_BA_JTAG_INNER|BIL2A01.fsm.currentState
188,ATLMDTMDM4:MDT_ECA_JTAG_OUTER|EOL4A05.fsm.currentState
189,ATLMDTMDM4:MDT_ECA_JTAG_OUTER|EOL6A11.fsm.currentState
190,ATLMDTMDM5:MDT_ECC_JTAG_OUTER|EOS4C02.fsm.currentState
191,ATLMDTMDM3:MDT_BA_JTAG_OUTER|BOS5A02.fsm.currentState
192,ATLMDTMDM3:MDT_BC_JTAG_OUTER|BOF1C14.fsm.currentState
193,ATLMDTMDM2:MDT_BA_JTAG_MIDDLE|BML3A15.fsm.currentState
194,ATLMDTMDM1:MDT_BC_JTAG_INNER|BIM5C11.fsm.currentState
195,ATLMDTMDM3:MDT_BC_JTAG_OUTER|BOL3C03.fsm.currentState
196,ATLMDTMDM2:MDT_BA_JTAG_MIDDLE|BMS6A02.fsm.currentState
197,ATLMDTMDM1:MDT_BC_JTAG_INNER|BIS3C02.fsm.currentState
198,ATLMDTMDM1:MDT_BC_JTAG_INNER|BIM1C11.fsm.currentState
199,ATLMDTMDM4:MDT_ECA_JTAG_OUTER|EOS2A16.fsm.currentState
200,ATLMDTMDM3:MDT_BC_JTAG_OUTER|BOF3C12.fsm.currentState
201,ATLMDTMDM6:MDT_ECA_JTAG_EE|BEE2A02.fsm.currentState
202,ATLMDTMDM6:MDT_ECA_JTAG_EE|EES1A06.fsm.currentState
203,ATLMDTMDM6:MDT_ECC_JTAG_EE|EES1C10.fsm.currentState
204,ATLMDTMDM2:MDT_BC_JTAG_MIDDLE|BMS4C06.fsm.currentState
205,ATLMDTMDM2:MDT_BC_JTAG_MIDDLE|BML3C15.fsm.currentState
206,ATLMDTMDM1:MDT_BA_JTAG_INNER|BIR5A11.fsm.currentState
207,ATLMDTMDM1:MDT_BC_JTAG_INNER|BIL6C03.fsm.currentState
208,ATLMDTMDM4:MDT_ECA_JTAG_OUTER|EOS1A02.fsm.currentState
209,ATLMDTMDM5:MDT_ECC_JTAG_OUTER|EOL1C05.fsm.currentState
210,ATLMDTMDM3:MDT_BA_JTAG_OUTER|BOS5A16.fsm.currentState
211,ATLMDTMDM3:MDT_BA_JTAG_OUTER|BOL2A05.fsm.currentState
212,ATLMDTMDM3:MDT_BA_JTAG_OUTER|BOL5A05.fsm.currentState
213,ATLMDTMDM5:MDT_ECC_JTAG_MIDDLE|EML4C01.fsm.currentState
214,ATLMDTMDM5:MDT_ECC_JTAG_MIDDLE|EMS5C04.fsm.currentState
215,ATLMDTMDM3:MDT_BA_JTAG_OUTER|BOL4A01.fsm.currentState
216,ATLMDTMDM3:MDT_BC_JTAG_OUTER|BOL6C11.fsm.currentState
217,ATLMDTMDM3:MDT_BC_JTAG_OUTER|BOL5C15.fsm.currentState
218,ATLMDTMDM2:MDT_BA_JTAG_MIDDLE|BML2A05.fsm.currentState
219,ATLMDTMDM1:MDT_BA_JTAG_INNER|BIR4A11.fsm.currentState
220,ATLMDTMDM4:MDT_ECA_JTAG_MIDDLE|EMS3A10.fsm.currentState
221,ATLMDTMDM4:MDT_ECA_JTAG_MIDDLE|EMS4A16.fsm.currentState
222,ATLMDTMDM4:MDT_ECA_JTAG_OUTER|EOS4A04.fsm.currentState
223,ATLMDTMDM5:MDT_ECC_JTAG_MIDDLE|EML5C13.fsm.currentState
224,ATLMDTMDM5:MDT_ECC_JTAG_OUTER|EOL5C07.fsm.currentState
225,ATLMDTMDM6:MDT_ECC_JTAG_EE|EEL2C11.fsm.currentState
226,ATLMDTMDM5:MDT_ECC_JTAG_INNER|EIL4C05.fsm.currentState
227,ATLMDTMDM5:MDT_ECC_JTAG_INNER|BIS8C10.fsm.currentState
228,ATLMDTMDM3:MDT_BA_JTAG_OUTER|BOL4A05.fsm.currentState
229,ATLMDTMDM3:MDT_BC_JTAG_OUTER|BOL3C11.fsm.currentState
230,ATLMDTMDM3:MDT_BC_JTAG_OUTER|BOS6C16.fsm.currentState
231,ATLMDTMDM2:MDT_BA_JTAG_MIDDLE|BMS5A08.fsm.currentState
232,ATLMDTMDM2:MDT_BC_JTAG_MIDDLE|BML6C15.fsm.currentState
233,ATLMDTMDM1:MDT_BC_JTAG_INNER|BIL2C05.fsm.currentState
234,ATLMDTMDM1:MDT_BC_JTAG_INNER|BIL5C05.fsm.currentState
235,ATLMDTMDM1:MDT_BC_JTAG_INNER|BIL6C07.fsm.currentState
236,ATLMDTMDM4:MDT_ECA_JTAG_OUTER|EOL1A15.fsm.currentState
237,ATLMDTMDM3:MDT_BA_JTAG_OUTER|BOF5A14.fsm.currentState
238,ATLMDTMDM3:MDT_BA_JTAG_OUTER|BOL3A01.fsm.currentState
239,ATLMDTMDM3:MDT_BC_JTAG_OUTER|BOS6C10.fsm.currentState
240,ATLMDTMDM2:MDT_BC_JTAG_MIDDLE|BMS5C10.fsm.currentState
241,ATLMDTMDM4:MDT_ECA_JTAG_OUTER|EOS2A06.fsm.currentState
242,ATLMDTMDM5:MDT_ECC_JTAG_MIDDLE|EML2C05.fsm.currentState
243,ATLMDTMDM6:MDT_ECA_JTAG_EE|BEE1A02.fsm.currentState
244,ATLMDTMDM2:MDT_BC_JTAG_MIDDLE|BMS6C06.fsm.currentState
245,ATLMDTMDM1:MDT_BC_JTAG_INNER|BIS6C12.fsm.currentState
246,ATLMDTMDM1:MDT_BA_JTAG_INNER|BIS2A04.fsm.currentState
247,ATLMDTMDM4:MDT_ECA_JTAG_MIDDLE|EMS3A12.fsm.currentState
248,ATLMDTMDM4:MDT_ECA_JTAG_OUTER|EOS1A12.fsm.currentState
249,ATLMDTMDM5:MDT_ECC_JTAG_OUTER|EOL6C05.fsm.currentState
250,ATLMDTMDM2:MDT_BA_JTAG_MIDDLE|BML6A03.fsm.currentState
251,ATLMDTMDM4:MDT_ECA_JTAG_OUTER|EOS3A10.fsm.currentState
252,ATLMDTMDM4:MDT_ECA_JTAG_OUTER|EOS3A12.fsm.currentState
253,ATLMDTMDM3:MDT_BA_JTAG_OUTER|BOS1A08.fsm.currentState
254,ATLMDTMDM3:MDT_BA_JTAG_OUTER|BOL3A11.fsm.currentState
255,ATLMDTMDM6:MDT_ECC_JTAG_EE|BEE2C12.fsm.currentState
256,ATLMDTMDM2:MDT_BC_JTAG_MIDDLE|BML1C07.fsm.currentState
257,ATLMDTMDM4:MDT_ECA_JTAG_MIDDLE|EML2A15.fsm.currentState
258,ATLMDTMDM4:MDT_ECA_JTAG_MIDDLE|EML3A05.fsm.currentState
259,ATLMDTMDM4:MDT_ECA_JTAG_MIDDLE|EMS3A14.fsm.currentState
260,ATLMDTMDM5:MDT_ECC_JTAG_INNER|EIL4C11.fsm.currentState
261,ATLMDTMDM5:MDT_ECC_JTAG_OUTER|EOS1C08.fsm.currentState
262,ATLMDTMDM3:MDT_BC_JTAG_OUTER|BOS3C06.fsm.currentState
263,ATLMDTMDM3:MDT_BC_JTAG_OUTER|BOL5C09.fsm.currentState
264,ATLMDTMDM6:MDT_ECA_JTAG_EE|BEE2A16.fsm.currentState
265,ATLMDTMDM2:MDT_BC_JTAG_MIDDLE|BML5C01.fsm.currentState
266,ATLMDTMDM2:MDT_BC_JTAG_MIDDLE|BML1C15.fsm.currentState
267,ATLMDTMDM5:MDT_ECC_JTAG_INNER|EIL4C09.fsm.currentState
268,ATLMDTMDM5:MDT_ECC_JTAG_MIDDLE|EML2C13.fsm.currentState
269,ATLMDTMDM3:MDT_BA_JTAG_OUTER|BOS2A16.fsm.currentState
270,ATLMDTMDM3:MDT_BA_JTAG_OUTER|BOL2A03.fsm.currentState
271,ATLMDTMDM6:MDT_ECA_JTAG_EE|EES2A06.fsm.currentState
272,ATLMDTMDM6:MDT_ECA_JTAG_EE|BEE1A14.fsm.currentState
273,ATLMDTMDM1:MDT_BC_JTAG_INNER|BIS3C12.fsm.currentState
274,ATLMDTMDM1:MDT_BC_JTAG_INNER|BIS1C16.fsm.currentState
275,ATLMDTMDM1:MDT_BC_JTAG_INNER|BIS2C16.fsm.currentState
276,ATLMDTMDM1:MDT_BC_JTAG_INNER|BIS6C16.fsm.currentState
277,ATLMDTMDM4:MDT_ECA_JTAG_OUTER|EOL3A15.fsm.currentState
278,ATLMDTMDM4:MDT_ECA_JTAG_OUTER|EOS2A12.fsm.currentState
279,ATLMDTMDM3:MDT_BC_JTAG_OUTER|BOL2C01.fsm.currentState
280,ATLMDTMDM6:MDT_ECC_JTAG_EE|BEE2C04.fsm.currentState
281,ATLMDTMDM4:MDT_ECA_JTAG_MIDDLE|EMS5A12.fsm.currentState
282,ATLMDTMDM2:MDT_BC_JTAG_MIDDLE|BML3C03.fsm.currentState
283,ATLMDTMDM2:MDT_BC_JTAG_MIDDLE|BMS3C10.fsm.currentState
284,ATLMDTMDM1:MDT_BA_JTAG_INNER|BIS4A12.fsm.currentState
285,ATLMDTMDM1:MDT_BC_JTAG_INNER|BIS4C10.fsm.currentState
286,ATLMDTMDM1:MDT_BA_JTAG_INNER|BIL4A03.fsm.currentState
287,ATLMDTMDM4:MDT_ECA_JTAG_INNER|BIY7A02.fsm.currentState
288,ATLMDTMDM5:MDT_ECC_JTAG_OUTER|EOL3C07.fsm.currentState
289,ATLMDTMDM5:MDT_ECC_JTAG_OUTER|EOS1C14.fsm.currentState
290,ATLMDTMDM6:MDT_ECA_JTAG_EE|EEL1A07.fsm.currentState
291,ATLMDTMDM1:MDT_BA_JTAG_INNER|BIL3A09.fsm.currentState
292,ATLMDTMDM1:MDT_BA_JTAG_INNER|BIM3A11.fsm.currentState
293,ATLMDTMDM5:MDT_ECC_JTAG_MIDDLE|EMS1C06.fsm.currentState
294,ATLMDTMDM1:MDT_BA_JTAG_INNER|BIL4A01.fsm.currentState
295,ATLMDTMDM5:MDT_ECC_JTAG_MIDDLE|EML1C01.fsm.currentState
296,ATLMDTMDM5:MDT_ECC_JTAG_OUTER|EOL2C03.fsm.currentState
297,ATLMDTMDM3:MDT_BC_JTAG_OUTER|BOL3C07.fsm.currentState
298,ATLMDTMDM3:MDT_BA_JTAG_OUTER|BOS1A04.fsm.currentState
299,ATLMDTMDM3:MDT_BC_JTAG_OUTER|BOL4C13.fsm.currentState
300,ATLMDTMDM6:MDT_ECA_JTAG_EE|EES1A08.fsm.currentState
301,ATLMDTMDM2:MDT_BC_JTAG_MIDDLE|BML1C11.fsm.currentState
302,ATLMDTMDM5:MDT_ECC_JTAG_OUTER|EOL4C13.fsm.currentState
303,ATLMDTMDM2:MDT_BC_JTAG_MIDDLE|BMF1C12.fsm.currentState
304,ATLMDTMDM4:MDT_ECA_JTAG_MIDDLE|EMS5A10.fsm.currentState
305,ATLMDTMDM4:MDT_ECA_JTAG_OUTER|EOL6A01.fsm.currentState
306,ATLMDTMDM4:MDT_ECA_JTAG_OUTER|EOS6A16.fsm.currentState
307,ATLMDTMDM1:MDT_BA_JTAG_INNER|BIL2A07.fsm.currentState
308,ATLMDTMDM1:MDT_BA_JTAG_INNER|BIS1A08.fsm.currentState
309,ATLMDTMDM3:MDT_BC_JTAG_OUTER|BOL6C07.fsm.currentState
310,ATLMDTMDM3:MDT_BA_JTAG_OUTER|BOL6A05.fsm.currentState
311,ATLMDTMDM3:MDT_BC_JTAG_OUTER|BOL1C15.fsm.currentState
312,ATLMDTMDM2:MDT_BC_JTAG_MIDDLE|BML4C11.fsm.currentState
313,ATLMDTMDM1:MDT_BA_JTAG_INNER|BIL2A09.fsm.currentState
314,ATLMDTMDM3:MDT_BA_JTAG_OUTER|BOL6A07.fsm.currentState
315,ATLMDTMDM3:MDT_BA_JTAG_OUTER|BOS4A08.fsm.currentState
316,ATLMDTMDM2:MDT_BC_JTAG_MIDDLE|BML2C07.fsm.currentState
317,ATLMDTMDM2:MDT_BC_JTAG_MIDDLE|BML5C07.fsm.currentState
318,ATLMDTMDM5:MDT_ECC_JTAG_MIDDLE|EMS1C02.fsm.currentState
319,ATLMDTMDM3:MDT_BC_JTAG_OUTER|BOS6C06.fsm.currentState
320,ATLMDTMDM5:MDT_ECC_JTAG_MIDDLE|EML3C11.fsm.currentState
321,ATLMDTMDM5:MDT_ECC_JTAG_INNER|BIS7C06.fsm.currentState
322,ATLMDTMDM5:MDT_ECC_JTAG_OUTER|EOL2C05.fsm.currentState
323,ATLMDTMDM5:MDT_ECC_JTAG_OUTER|EOL2C11.fsm.currentState
324,ATLMDTMDM3:MDT_BA_JTAG_OUTER|BOS4A10.fsm.currentState
325,ATLMDTMDM6:MDT_ECC_JTAG_EE|EES2C14.fsm.currentState
326,ATLMDTMDM2:MDT_BC_JTAG_MIDDLE|BMS1C10.fsm.currentState
327,ATLMDTMDM1:MDT_BA_JTAG_INNER|BIR3A15.fsm.currentState
328,ATLMDTMDM4:MDT_ECA_JTAG_INNER|BIY7A12.fsm.currentState
329,ATLMDTMDM4:MDT_ECA_JTAG_OUTER|EOS5A06.fsm.currentState
330,ATLMDTMDM4:MDT_ECA_JTAG_INNER|EIL4A07.fsm.currentState
331,ATLMDTMDM3:MDT_BC_JTAG_OUTER|BOS4C02.fsm.currentState
332,ATLMDTMDM2:MDT_BC_JTAG_MIDDLE|BML2C11.fsm.currentState
333,ATLMDTMDM4:MDT_ECA_JTAG_OUTER|EOS1A06.fsm.currentState
334,ATLMDTMDM5:MDT_ECC_JTAG_INNER|EIL4C15.fsm.currentState
335,ATLMDTMDM1:MDT_BA_JTAG_INNER|BIM1A11.fsm.currentState
336,ATLMDTMDM4:MDT_ECA_JTAG_MIDDLE|EML2A11.fsm.currentState
337,ATLMDTMDM3:MDT_BC_JTAG_OUTER|BOF3C14.fsm.currentState
338,ATLMDTMDM2:MDT_BC_JTAG_MIDDLE|BMF2C14.fsm.currentState
339,ATLMDTMDM4:MDT_ECA_JTAG_MIDDLE|EMS3A06.fsm.currentState
340,ATLMDTMDM3:MDT_BC_JTAG_OUTER|BOL3C01.fsm.currentState
341,ATLMDTMDM3:MDT_BC_JTAG_OUTER|BOL3C15.fsm.currentState
342,ATLMDTMDM2:MDT_BA_JTAG_MIDDLE|BML4A07.fsm.currentState
343,ATLMDTMDM3:MDT_BA_JTAG_OUTER|BOS6A02.fsm.currentState
344,ATLMDTMDM3:MDT_BC_JTAG_OUTER|BOL2C11.fsm.currentState
345,ATLMDTMDM4:MDT_ECA_JTAG_MIDDLE|EMS3A04.fsm.currentState
346,ATLMDTMDM4:MDT_ECA_JTAG_MIDDLE|EMS5A14.fsm.currentState
347,ATLMDTMDM6:MDT_ECA_JTAG_EE|EEL2A13.fsm.currentState
348,ATLMDTMDM2:MDT_BA_JTAG_MIDDLE|BML2A11.fsm.currentState
349,ATLMDTMDM4:MDT_ECA_JTAG_OUTER|EOL1A11.fsm.currentState
350,ATLMDTMDM3:MDT_BA_JTAG_OUTER|BOS3A02.fsm.currentState
351,ATLMDTMDM3:MDT_BC_JTAG_OUTER|BOL6C13.fsm.currentState
352,ATLMDTMDM1:MDT_BC_JTAG_INNER|BIL3C09.fsm.currentState
353,ATLMDTMDM1:MDT_BC_JTAG_INNER|BIR3C11.fsm.currentState
354,ATLMDTMDM4:MDT_ECA_JTAG_MIDDLE|EML4A15.fsm.currentState
355,ATLMDTMDM4:MDT_ECA_JTAG_MIDDLE|EMS5A06.fsm.currentState
356,ATLMDTMDM5:MDT_ECC_JTAG_OUTER|EOS2C16.fsm.currentState
357,ATLMDTMDM5:MDT_ECC_JTAG_OUTER|EOS4C16.fsm.currentState
358,ATLMDTMDM3:MDT_BC_JTAG_OUTER|BOL3C13.fsm.currentState
359,ATLMDTMDM2:MDT_BC_JTAG_MIDDLE|BMS6C04.fsm.currentState
360,ATLMDTMDM1:MDT_BC_JTAG_INNER|BIR2C15.fsm.currentState
361,ATLMDTMDM1:MDT_BA_JTAG_INNER|BIS6A04.fsm.currentState
362,ATLMDTMDM4:MDT_ECA_JTAG_OUTER|EOS2A14.fsm.currentState
363,ATLMDTMDM3:MDT_BC_JTAG_OUTER|BOL5C11.fsm.currentState
364,ATLMDTMDM4:MDT_ECA_JTAG_OUTER|EOS5A14.fsm.currentState
365,ATLMDTMDM5:MDT_ECC_JTAG_MIDDLE|EML5C09.fsm.currentState
366,ATLMDTMDM3:MDT_BA_JTAG_OUTER|BOL3A05.fsm.currentState
367,ATLMDTMDM2:MDT_BA_JTAG_MIDDLE|BMG4A14.fsm.currentState
368,ATLMDTMDM4:MDT_ECA_JTAG_MIDDLE|EMS2A04.fsm.currentState
369,ATLMDTMDM2:MDT_BA_JTAG_MIDDLE|BML2A03.fsm.currentState
370,ATLMDTMDM2:MDT_BC_JTAG_MIDDLE|BML3C05.fsm.currentState
371,ATLMDTMDM1:MDT_BC_JTAG_INNER|BIS2C14.fsm.currentState
372,ATLMDTMDM1:MDT_BC_JTAG_INNER|BIM4C11.fsm.currentState
373,ATLMDTMDM4:MDT_ECA_JTAG_OUTER|EOL2A15.fsm.currentState
374,ATLMDTMDM5:MDT_ECC_JTAG_INNER|EIL4C03.fsm.currentState
375,ATLMDTMDM5:MDT_ECC_JTAG_OUTER|EOL2C01.fsm.currentState
376,ATLMDTMDM5:MDT_ECC_JTAG_OUTER|EOS3C04.fsm.currentState
377,ATLMDTMDM3:MDT_BA_JTAG_OUTER|BOL4A15.fsm.currentState
378,ATLMDTMDM6:MDT_ECC_JTAG_EE|EES2C16.fsm.currentState
379,ATLMDTMDM2:MDT_BA_JTAG_MIDDLE|BML1A13.fsm.currentState
380,ATLMDTMDM2:MDT_BC_JTAG_MIDDLE|BML6C09.fsm.currentState
381,ATLMDTMDM4:MDT_ECA_JTAG_OUTER|EOL5A05.fsm.currentState
382,ATLMDTMDM4:MDT_ECA_JTAG_OUTER|EOL6A15.fsm.currentState
383,ATLMDTMDM4:MDT_ECA_JTAG_OUTER|EOS3A06.fsm.currentState
384,ATLMDTMDM5:MDT_ECC_JTAG_INNER|EIL4C01.fsm.currentState
385,ATLMDTMDM5:MDT_ECC_JTAG_MIDDLE|EML2C07.fsm.currentState
386,ATLMDTMDM5:MDT_ECC_JTAG_MIDDLE|EMS3C04.fsm.currentState
387,ATLMDTMDM3:MDT_BC_JTAG_OUTER|BOS3C04.fsm.currentState
388,ATLMDTMDM3:MDT_BA_JTAG_OUTER|BOL1A03.fsm.currentState
389,ATLMDTMDM3:MDT_BA_JTAG_OUTER|BOS4A06.fsm.currentState
390,ATLMDTMDM2:MDT_BA_JTAG_MIDDLE|BML3A03.fsm.currentState
391,ATLMDTMDM2:MDT_BC_JTAG_MIDDLE|BMS2C08.fsm.currentState
392,ATLMDTMDM1:MDT_BC_JTAG_INNER|BIS2C08.fsm.currentState
393,ATLMDTMDM6:MDT_ECC_JTAG_EE|BEE1C10.fsm.currentState
394,ATLMDTMDM6:MDT_ECC_JTAG_EE|BEE1C14.fsm.currentState
395,ATLMDTMDM1:MDT_BC_JTAG_INNER|BIL3C05.fsm.currentState
396,ATLMDTMDM1:MDT_BA_JTAG_INNER|BIL1A01.fsm.currentState
397,ATLMDTMDM2:MDT_BA_JTAG_MIDDLE|BMS4A02.fsm.currentState
398,ATLMDTMDM5:MDT_ECC_JTAG_INNER|BIS8C06.fsm.currentState
399,ATLMDTMDM3:MDT_BA_JTAG_OUTER|BOS4A04.fsm.currentState
400,ATLMDTMDM2:MDT_BA_JTAG_MIDDLE|BMS5A02.fsm.currentState
401,ATLMDTMDM2:MDT_BC_JTAG_MIDDLE|BML3C07.fsm.currentState
402,ATLMDTMDM2:MDT_BC_JTAG_MIDDLE|BMS2C10.fsm.currentState
403,ATLMDTMDM1:MDT_BA_JTAG_INNER|BIS5A02.fsm.currentState
404,ATLMDTMDM4:MDT_ECA_JTAG_MIDDLE|EML3A13.fsm.currentState
405,ATLMDTMDM1:MDT_BA_JTAG_INNER|BIS2A16.fsm.currentState
406,ATLMDTMDM1:MDT_BC_JTAG_INNER|BIL2C01.fsm.currentState
407,ATLMDTMDM1:MDT_BC_JTAG_INNER|BIL4C09.fsm.currentState
408,ATLMDTMDM4:MDT_ECA_JTAG_MIDDLE|EML3A07.fsm.currentState
409,ATLMDTMDM5:MDT_ECC_JTAG_OUTER|EOS5C10.fsm.currentState
410,ATLMDTMDM3:MDT_BA_JTAG_OUTER|BOL3A15.fsm.currentState
411,ATLMDTMDM3:MDT_BC_JTAG_OUTER|BOS1C02.fsm.currentState
412,ATLMDTMDM3:MDT_BC_JTAG_OUTER|BOL4C15.fsm.currentState
413,ATLMDTMDM6:MDT_ECC_JTAG_EE|EES2C08.fsm.currentState
414,ATLMDTMDM2:MDT_BC_JTAG_MIDDLE|BMS6C10.fsm.currentState
415,ATLMDTMDM1:MDT_BC_JTAG_INNER|BIL4C13.fsm.currentState
416,ATLMDTMDM4:MDT_ECA_JTAG_OUTER|EOL3A09.fsm.currentState
417,ATLMDTMDM5:MDT_ECC_JTAG_INNER|BIS8C14.fsm.currentState
418,ATLMDTMDM3:MDT_BA_JTAG_OUTER|BOG8A12.fsm.currentState
419,ATLMDTMDM3:MDT_BA_JTAG_OUTER|BOL5A13.fsm.currentState
420,ATLMDTMDM2:MDT_BA_JTAG_MIDDLE|BMS5A06.fsm.currentState
421,ATLMDTMDM1:MDT_BA_JTAG_INNER|BIS1A12.fsm.currentState
422,ATLMDTMDM1:MDT_BA_JTAG_INNER|BIS5A12.fsm.currentState
423,ATLMDTMDM1:MDT_BA_JTAG_INNER|BIM3A15.fsm.currentState
424,ATLMDTMDM1:MDT_BC_JTAG_INNER|BIS6C06.fsm.currentState
425,ATLMDTMDM1:MDT_BA_JTAG_INNER|BIS1A02.fsm.currentState
426,ATLMDTMDM3:MDT_BA_JTAG_OUTER|BOS1A10.fsm.currentState
427,ATLMDTMDM1:MDT_BC_JTAG_INNER|BIR2C11.fsm.currentState
428,ATLMDTMDM1:MDT_BA_JTAG_INNER|BIS3A04.fsm.currentState
429,ATLMDTMDM5:MDT_ECC_JTAG_MIDDLE|EML1C09.fsm.currentState
430,ATLMDTMDM5:MDT_ECC_JTAG_MIDDLE|EML5C05.fsm.currentState
431,ATLMDTMDM5:MDT_ECC_JTAG_MIDDLE|EMS1C16.fsm.currentState
432,ATLMDTMDM4:MDT_ECA_JTAG_MIDDLE|EML1A01.fsm.currentState
433,ATLMDTMDM2:MDT_BA_JTAG_MIDDLE|BML5A07.fsm.currentState
434,ATLMDTMDM2:MDT_BA_JTAG_MIDDLE|BMS4A16.fsm.currentState
435,ATLMDTMDM1:MDT_BC_JTAG_INNER|BIS5C16.fsm.currentState
436,ATLMDTMDM5:MDT_ECC_JTAG_OUTER|EOL2C07.fsm.currentState
437,ATLMDTMDM3:MDT_BC_JTAG_OUTER|BOS2C02.fsm.currentState
438,ATLMDTMDM3:MDT_BC_JTAG_OUTER|BOL1C07.fsm.currentState
439,ATLMDTMDM6:MDT_ECA_JTAG_EE|EEL1A09.fsm.currentState
440,ATLMDTMDM6:MDT_ECA_JTAG_EE|BEE1A16.fsm.currentState
441,ATLMDTMDM2:MDT_BA_JTAG_MIDDLE|BMS6A16.fsm.currentState
442,ATLMDTMDM1:MDT_BC_JTAG_INNER|BIL5C03.fsm.currentState
443,ATLMDTMDM1:MDT_BC_JTAG_INNER|BIM2C15.fsm.currentState
444,ATLMDTMDM2:MDT_BA_JTAG_MIDDLE|BML6A01.fsm.currentState
445,ATLMDTMDM4:MDT_ECA_JTAG_INNER|BIX7A10.fsm.currentState
446,ATLMDTMDM4:MDT_ECA_JTAG_OUTER|EOL6A07.fsm.currentState
447,ATLMDTMDM4:MDT_ECA_JTAG_OUTER|EOS4A08.fsm.currentState
448,ATLMDTMDM5:MDT_ECC_JTAG_INNER|BIS7C04.fsm.currentState
449,ATLMDTMDM3:MDT_BC_JTAG_OUTER|BOL2C09.fsm.currentState
450,ATLMDTMDM1:MDT_BC_JTAG_INNER|BIS5C02.fsm.currentState
451,ATLMDTMDM4:MDT_ECA_JTAG_MIDDLE|EML5A01.fsm.currentState
452,ATLMDTMDM4:MDT_ECA_JTAG_MIDDLE|EMS4A10.fsm.currentState
453,ATLMDTMDM3:MDT_BA_JTAG_OUTER|BOL4A03.fsm.currentState
454,ATLMDTMDM6:MDT_ECC_JTAG_EE|BEE2C16.fsm.currentState
455,ATLMDTMDM2:MDT_BA_JTAG_MIDDLE|BML4A05.fsm.currentState
456,ATLMDTMDM2:MDT_BA_JTAG_MIDDLE|BMG2A14.fsm.currentState
457,ATLMDTMDM2:MDT_BA_JTAG_MIDDLE|BML4A15.fsm.currentState
458,ATLMDTMDM1:MDT_BA_JTAG_INNER|BIS3A08.fsm.currentState
459,ATLMDTMDM6:MDT_ECA_JTAG_EE|EEL2A01.fsm.currentState
460,ATLMDTMDM6:MDT_ECC_JTAG_EE|BEE2C08.fsm.currentState
461,ATLMDTMDM2:MDT_BA_JTAG_MIDDLE|BML3A05.fsm.currentState
462,ATLMDTMDM1:MDT_BC_JTAG_INNER|BIS3C08.fsm.currentState
463,ATLMDTMDM1:MDT_BC_JTAG_INNER|BIL3C13.fsm.currentState
464,ATLMDTMDM2:MDT_BA_JTAG_MIDDLE|BML2A01.fsm.currentState
465,ATLMDTMDM4:MDT_ECA_JTAG_OUTER|EOS2A08.fsm.currentState
466,ATLMDTMDM5:MDT_ECC_JTAG_OUTER|EOS4C08.fsm.currentState
467,ATLMDTMDM6:MDT_ECA_JTAG_EE|EES2A04.fsm.currentState
468,ATLMDTMDM1:MDT_BC_JTAG_INNER|BIS5C04.fsm.currentState
469,ATLMDTMDM4:MDT_ECA_JTAG_MIDDLE|EML4A05.fsm.currentState
470,ATLMDTMDM5:MDT_ECC_JTAG_OUTER|EOS3C10.fsm.currentState
471,ATLMDTMDM6:MDT_ECA_JTAG_EE|EES2A16.fsm.currentState
472,ATLMDTMDM6:MDT_ECC_JTAG_EE|EEL2C15.fsm.currentState
473,ATLMDTMDM3:MDT_BA_JTAG_OUTER|BOG8A14.fsm.currentState
474,ATLMDTMDM3:MDT_BC_JTAG_OUTER|BOL5C03.fsm.currentState
475,ATLMDTMDM3:MDT_BC_JTAG_OUTER|BOS2C08.fsm.currentState
476,ATLMDTMDM1:MDT_BC_JTAG_INNER|BIR1C11.fsm.currentState
477,ATLMDTMDM4:MDT_ECA_JTAG_MIDDLE|EML4A01.fsm.currentState
478,ATLMDTMDM4:MDT_ECA_JTAG_MIDDLE|EML5A05.fsm.currentState
479,ATLMDTMDM5:MDT_ECC_JTAG_MIDDLE|EML1C15.fsm.currentState
480,ATLMDTMDM3:MDT_BC_JTAG_OUTER|BOS4C16.fsm.currentState
481,ATLMDTMDM2:MDT_BA_JTAG_MIDDLE|BMS4A10.fsm.currentState
482,ATLMDTMDM2:MDT_BC_JTAG_MIDDLE|BML4C05.fsm.currentState
483,ATLMDTMDM2:MDT_BC_JTAG_MIDDLE|BMF3C14.fsm.currentState
484,ATLMDTMDM1:MDT_BA_JTAG_INNER|BIS5A14.fsm.currentState
485,ATLMDTMDM4:MDT_ECA_JTAG_INNER|BIX7A12.fsm.currentState
486,ATLMDTMDM4:MDT_ECA_JTAG_OUTER|EOS1A16.fsm.currentState
487,ATLMDTMDM5:MDT_ECC_JTAG_OUTER|EOL6C11.fsm.currentState
488,ATLMDTMDM3:MDT_BA_JTAG_OUTER|BOS1A16.fsm.currentState
489,ATLMDTMDM2:MDT_BC_JTAG_MIDDLE|BMS4C02.fsm.currentState
490,ATLMDTMDM2:MDT_BC_JTAG_MIDDLE|BME4C13.fsm.currentState
491,ATLMDTMDM1:MDT_BA_JTAG_INNER|BIL3A07.fsm.currentState
492,ATLMDTMDM5:MDT_ECC_JTAG_MIDDLE|EML1C11.fsm.currentState
493,ATLMDTMDM5:MDT_ECC_JTAG_MIDDLE|EMS1C10.fsm.currentState
494,ATLMDTMDM2:MDT_BA_JTAG_MIDDLE|BMS3A06.fsm.currentState
495,ATLMDTMDM2:MDT_BA_JTAG_MIDDLE|BMS1A16.fsm.currentState
496,ATLMDTMDM2:MDT_BC_JTAG_MIDDLE|BMS1C16.fsm.currentState
497,ATLMDTMDM2:MDT_BA_JTAG_MIDDLE|BMS6A04.fsm.currentState
498,ATLMDTMDM6:MDT_ECC_JTAG_EE|EEL2C07.fsm.currentState
499,ATLMDTMDM6:MDT_ECC_JTAG_EE|EES1C16.fsm.currentState
500,ATLMDTMDM1:MDT_BA_JTAG_INNER|BIS2A06.fsm.currentState
501,ATLMDTMDM1:MDT_BA_JTAG_INNER|BIM2A15.fsm.currentState
502,ATLMDTMDM1:MDT_BA_JTAG_INNER|BIR6A15.fsm.currentState
503,ATLMDTMDM5:MDT_ECC_JTAG_OUTER|EOS6C14.fsm.currentState
504,ATLMDTMDM2:MDT_BA_JTAG_MIDDLE|BMS4A04.fsm.currentState
505,ATLMDTMDM2:MDT_BA_JTAG_MIDDLE|BML6A05.fsm.currentState
506,ATLMDTMDM2:MDT_BC_JTAG_MIDDLE|BML6C01.fsm.currentState
507,ATLMDTMDM1:MDT_BA_JTAG_INNER|BIS1A04.fsm.currentState
508,ATLMDTMDM4:MDT_ECA_JTAG_MIDDLE|EMS1A16.fsm.currentState
509,ATLMDTMDM4:MDT_ECA_JTAG_OUTER|EOS6A12.fsm.currentState
510,ATLMDTMDM3:MDT_BA_JTAG_OUTER|BOL3A09.fsm.currentState
511,ATLMDTMDM2:MDT_BA_JTAG_MIDDLE|BMG2A12.fsm.currentState
512,ATLMDTMDM2:MDT_BC_JTAG_MIDDLE|BML5C13.fsm.currentState
513,ATLMDTMDM1:MDT_BC_JTAG_INNER|BIR6C15.fsm.currentState
514,ATLMDTMDM4:MDT_ECA_JTAG_OUTER|EOS5A12.fsm.currentState
515,ATLMDTMDM5:MDT_ECC_JTAG_OUTER|EOL5C03.fsm.currentState
516,ATLMDTMDM3:MDT_BA_JTAG_OUTER|BOG0B14.fsm.currentState
517,ATLMDTMDM3:MDT_BA_JTAG_OUTER|BOS1A02.fsm.currentState
518,ATLMDTMDM1:MDT_BA_JTAG_INNER|BIS4A02.fsm.currentState
519,ATLMDTMDM4:MDT_ECA_JTAG_OUTER|EOL1A05.fsm.currentState
520,ATLMDTMDM4:MDT_ECA_JTAG_OUTER|EOL3A03.fsm.currentState
521,ATLMDTMDM2:MDT_BA_JTAG_MIDDLE|BML3A11.fsm.currentState
522,ATLMDTMDM2:MDT_BC_JTAG_MIDDLE|BMS6C08.fsm.currentState
523,ATLMDTMDM1:MDT_BC_JTAG_INNER|BIL1C05.fsm.currentState
524,ATLMDTMDM4:MDT_ECA_JTAG_MIDDLE|EMS2A02.fsm.currentState
525,ATLMDTMDM5:MDT_ECC_JTAG_MIDDLE|EMS5C12.fsm.currentState
526,ATLMDTMDM5:MDT_ECC_JTAG_OUTER|EOS2C02.fsm.currentState
527,ATLMDTMDM6:MDT_ECC_JTAG_EE|BEE1C12.fsm.currentState
528,ATLMDTMDM1:MDT_BC_JTAG_INNER|BIS3C06.fsm.currentState
529,ATLMDTMDM4:MDT_ECA_JTAG_OUTER|EOL4A07.fsm.currentState
530,ATLMDTMDM2:MDT_BC_JTAG_MIDDLE|BML2C01.fsm.currentState
531,ATLMDTMDM4:MDT_ECA_JTAG_INNER|BIX7A08.fsm.currentState
532,ATLMDTMDM5:MDT_ECC_JTAG_OUTER|EOL6C01.fsm.currentState
533,ATLMDTMDM4:MDT_ECA_JTAG_OUTER|EOL1A01.fsm.currentState
534,ATLMDTMDM5:MDT_ECC_JTAG_MIDDLE|EMS3C12.fsm.currentState
535,ATLMDTMDM6:MDT_ECA_JTAG_EE|BEE2A10.fsm.currentState
536,ATLMDTMDM6:MDT_ECC_JTAG_EE|EEL1C15.fsm.currentState
537,ATLMDTMDM2:MDT_BA_JTAG_MIDDLE|BML1A09.fsm.currentState
538,ATLMDTMDM2:MDT_BC_JTAG_MIDDLE|BMS1C04.fsm.currentState
539,ATLMDTMDM2:MDT_BC_JTAG_MIDDLE|BML3C01.fsm.currentState
540,ATLMDTMDM1:MDT_BA_JTAG_INNER|BIS1A10.fsm.currentState
541,ATLMDTMDM2:MDT_BA_JTAG_MIDDLE|BML4A01.fsm.currentState
542,ATLMDTMDM5:MDT_ECC_JTAG_OUTER|EOL4C05.fsm.currentState
543,ATLMDTMDM3:MDT_BA_JTAG_OUTER|BOL5A11.fsm.currentState
544,ATLMDTMDM2:MDT_BA_JTAG_MIDDLE|BMS2A10.fsm.currentState
545,ATLMDTMDM4:MDT_ECA_JTAG_MIDDLE|EMS5A08.fsm.currentState
546,ATLMDTMDM3:MDT_BA_JTAG_OUTER|BOS6A08.fsm.currentState
547,ATLMDTMDM2:MDT_BC_JTAG_MIDDLE|BML5C09.fsm.currentState
548,ATLMDTMDM2:MDT_BC_JTAG_MIDDLE|BMG4C12.fsm.currentState
549,ATLMDTMDM4:MDT_ECA_JTAG_MIDDLE|EMS1A12.fsm.currentState
550,ATLMDTMDM4:MDT_ECA_JTAG_MIDDLE|EMS5A04.fsm.currentState
551,ATLMDTMDM5:MDT_ECC_JTAG_MIDDLE|EMS2C06.fsm.currentState
552,ATLMDTMDM5:MDT_ECC_JTAG_INNER|BIS7C14.fsm.currentState
553,ATLMDTMDM5:MDT_ECC_JTAG_OUTER|EOL5C09.fsm.currentState
554,ATLMDTMDM2:MDT_BA_JTAG_MIDDLE|BMS6A06.fsm.currentState
555,ATLMDTMDM1:MDT_BC_JTAG_INNER|BIL3C07.fsm.currentState
556,ATLMDTMDM4:MDT_ECA_JTAG_MIDDLE|EML2A13.fsm.currentState
557,ATLMDTMDM5:MDT_ECC_JTAG_OUTER|EOS3C12.fsm.currentState
558,ATLMDTMDM3:MDT_BA_JTAG_OUTER|BOE3A13.fsm.currentState
559,ATLMDTMDM6:MDT_ECA_JTAG_EE|EEL1A11.fsm.currentState
560,ATLMDTMDM2:MDT_BC_JTAG_MIDDLE|BML5C11.fsm.currentState
561,ATLMDTMDM1:MDT_BA_JTAG_INNER|BIM2A11.fsm.currentState
562,ATLMDTMDM4:MDT_ECA_JTAG_MIDDLE|EML3A03.fsm.currentState
563,ATLMDTMDM4:MDT_ECA_JTAG_OUTER|EOL4A03.fsm.currentState
564,ATLMDTMDM6:MDT_ECC_JTAG_EE|EEL1C07.fsm.currentState
565,ATLMDTMDM2:MDT_BC_JTAG_MIDDLE|BMS4C16.fsm.currentState
566,ATLMDTMDM1:MDT_BC_JTAG_INNER|BIS6C02.fsm.currentState
567,ATLMDTMDM4:MDT_ECA_JTAG_MIDDLE|EML5A03.fsm.currentState
568,ATLMDTMDM4:MDT_ECA_JTAG_OUTER|EOL2A11.fsm.currentState
569,ATLMDTMDM4:MDT_ECA_JTAG_OUTER|EOL6A03.fsm.currentState
570,ATLMDTMDM3:MDT_BA_JTAG_OUTER|BOG0B12.fsm.currentState
571,ATLMDTMDM3:MDT_BA_JTAG_OUTER|BOL1A09.fsm.currentState
572,ATLMDTMDM6:MDT_ECA_JTAG_EE|EES2A14.fsm.currentState
573,ATLMDTMDM1:MDT_BA_JTAG_INNER|BIL5A13.fsm.currentState
574,ATLMDTMDM1:MDT_BC_JTAG_INNER|BIL6C05.fsm.currentState
575,ATLMDTMDM4:MDT_ECA_JTAG_INNER|BIX7A06.fsm.currentState
576,ATLMDTMDM4:MDT_ECA_JTAG_OUTER|EOS4A12.fsm.currentState
577,ATLMDTMDM5:MDT_ECC_JTAG_OUTER|EOL2C09.fsm.currentState
578,ATLMDTMDM3:MDT_BA_JTAG_OUTER|BOL5A09.fsm.currentState
579,ATLMDTMDM2:MDT_BA_JTAG_MIDDLE|BMS5A04.fsm.currentState
580,ATLMDTMDM1:MDT_BC_JTAG_INNER|BIS4C12.fsm.currentState
581,ATLMDTMDM4:MDT_ECA_JTAG_MIDDLE|EMS3A08.fsm.currentState
582,ATLMDTMDM3:MDT_BC_JTAG_OUTER|BOL6C01.fsm.currentState
583,ATLMDTMDM6:MDT_ECC_JTAG_EE|BEE1C16.fsm.currentState
584,ATLMDTMDM1:MDT_BC_JTAG_INNER|BIM3C11.fsm.currentState
585,ATLMDTMDM1:MDT_BA_JTAG_INNER|BIL1A03.fsm.currentState
586,ATLMDTMDM4:MDT_ECA_JTAG_MIDDLE|EML5A09.fsm.currentState
587,ATLMDTMDM4:MDT_ECA_JTAG_OUTER|EOS4A06.fsm.currentState
588,ATLMDTMDM5:MDT_ECC_JTAG_OUTER|EOS5C02.fsm.currentState
589,ATLMDTMDM1:MDT_BA_JTAG_INNER|BIS3A12.fsm.currentState
590,ATLMDTMDM4:MDT_ECA_JTAG_MIDDLE|EMS4A08.fsm.currentState
591,ATLMDTMDM4:MDT_ECA_JTAG_INNER|EIL4A03.fsm.currentState
592,ATLMDTMDM4:MDT_ECA_JTAG_MIDDLE|EML2A03.fsm.currentState
593,ATLMDTMDM3:MDT_BC_JTAG_OUTER|BOL4C07.fsm.currentState
594,ATLMDTMDM6:MDT_ECA_JTAG_EE|EEL1A03.fsm.currentState
595,ATLMDTMDM1:MDT_BC_JTAG_INNER|BIS2C10.fsm.currentState
596,ATLMDTMDM1:MDT_BC_JTAG_INNER|BIM3C15.fsm.currentState
597,ATLMDTMDM4:MDT_ECA_JTAG_MIDDLE|EML4A03.fsm.currentState
598,ATLMDTMDM3:MDT_BA_JTAG_OUTER|BOS1A06.fsm.currentState
599,ATLMDTMDM6:MDT_ECC_JTAG_EE|BEE1C04.fsm.currentState
600,ATLMDTMDM2:MDT_BA_JTAG_MIDDLE|BMS6A08.fsm.currentState
601,ATLMDTMDM2:MDT_BC_JTAG_MIDDLE|BMS3C06.fsm.currentState
602,ATLMDTMDM2:MDT_BC_JTAG_MIDDLE|BML4C01.fsm.currentState
603,ATLMDTMDM1:MDT_BA_JTAG_INNER|BIS3A10.fsm.currentState
604,ATLMDTMDM3:MDT_BC_JTAG_OUTER|BOL5C13.fsm.currentState
605,ATLMDTMDM3:MDT_BC_JTAG_OUTER|BOG6C14.fsm.currentState
606,ATLMDTMDM4:MDT_ECA_JTAG_MIDDLE|EML4A13.fsm.currentState
607,ATLMDTMDM6:MDT_ECA_JTAG_EE|EES1A14.fsm.currentState
608,ATLMDTMDM2:MDT_BA_JTAG_MIDDLE|BMF1A12.fsm.currentState
609,ATLMDTMDM2:MDT_BC_JTAG_MIDDLE|BML6C03.fsm.currentState
610,ATLMDTMDM4:MDT_ECA_JTAG_MIDDLE|EMS1A02.fsm.currentState
611,ATLMDTMDM4:MDT_ECA_JTAG_INNER|EIL4A09.fsm.currentState
612,ATLMDTMDM4:MDT_ECA_JTAG_INNER|EIL4A13.fsm.currentState
613,ATLMDTMDM4:MDT_ECA_JTAG_MIDDLE|EML2A07.fsm.currentState
614,ATLMDTMDM3:MDT_BA_JTAG_OUTER|BOF7A12.fsm.currentState
615,ATLMDTMDM3:MDT_BC_JTAG_OUTER|BOG4C12.fsm.currentState
616,ATLMDTMDM3:MDT_BA_JTAG_OUTER|BOL1A07.fsm.currentState
617,ATLMDTMDM2:MDT_BC_JTAG_MIDDLE|BML1C05.fsm.currentState
618,ATLMDTMDM2:MDT_BC_JTAG_MIDDLE|BMF2C12.fsm.currentState
619,ATLMDTMDM1:MDT_BC_JTAG_INNER|BIS4C02.fsm.currentState
620,ATLMDTMDM1:MDT_BC_JTAG_INNER|BIS1C06.fsm.currentState
621,ATLMDTMDM1:MDT_BC_JTAG_INNER|BIR4C11.fsm.currentState
622,ATLMDTMDM1:MDT_BC_JTAG_INNER|BIR3C15.fsm.currentState
623,ATLMDTMDM4:MDT_ECA_JTAG_INNER|BIY7A10.fsm.currentState
624,ATLMDTMDM3:MDT_BA_JTAG_OUTER|BOL2A13.fsm.currentState
625,ATLMDTMDM3:MDT_BC_JTAG_OUTER|BOL1C03.fsm.currentState
626,ATLMDTMDM1:MDT_BA_JTAG_INNER|BIL2A13.fsm.currentState
627,ATLMDTMDM5:MDT_ECC_JTAG_MIDDLE|EMS4C16.fsm.currentState
628,ATLMDTMDM5:MDT_ECC_JTAG_OUTER|EOL4C09.fsm.currentState
629,ATLMDTMDM5:MDT_ECC_JTAG_OUTER|EOS1C04.fsm.currentState
630,ATLMDTMDM2:MDT_BC_JTAG_MIDDLE|BMS3C04.fsm.currentState
631,ATLMDTMDM2:MDT_BC_JTAG_MIDDLE|BML3C09.fsm.currentState
632,ATLMDTMDM1:MDT_BC_JTAG_INNER|BIS3C10.fsm.currentState
633,ATLMDTMDM3:MDT_BC_JTAG_OUTER|BOS5C02.fsm.currentState
634,ATLMDTMDM3:MDT_BA_JTAG_OUTER|BOS4A02.fsm.currentState
635,ATLMDTMDM5:MDT_ECC_JTAG_MIDDLE|EMS3C14.fsm.currentState
636,ATLMDTMDM3:MDT_BA_JTAG_OUTER|BOS6A06.fsm.currentState
637,ATLMDTMDM1:MDT_BC_JTAG_INNER|BIL2C13.fsm.currentState
638,ATLMDTMDM5:MDT_ECC_JTAG_OUTER|EOL4C07.fsm.currentState
639,ATLMDTMDM3:MDT_BA_JTAG_OUTER|BOF1A14.fsm.currentState
640,ATLMDTMDM3:MDT_BA_JTAG_OUTER|BOS5A10.fsm.currentState
641,ATLMDTMDM3:MDT_BA_JTAG_OUTER|BOL2A11.fsm.currentState
642,ATLMDTMDM2:MDT_BA_JTAG_MIDDLE|BML1A11.fsm.currentState
643,ATLMDTMDM1:MDT_BC_JTAG_INNER|BIS2C12.fsm.currentState
644,ATLMDTMDM4:MDT_ECA_JTAG_OUTER|EOL2A01.fsm.currentState
645,ATLMDTMDM5:MDT_ECC_JTAG_OUTER|EOL2C13.fsm.currentState
646,ATLMDTMDM5:MDT_ECC_JTAG_OUTER|EOL3C15.fsm.currentState
647,ATLMDTMDM5:MDT_ECC_JTAG_MIDDLE|EML1C05.fsm.currentState
648,ATLMDTMDM4:MDT_ECA_JTAG_MIDDLE|EML1A03.fsm.currentState
649,ATLMDTMDM3:MDT_BC_JTAG_OUTER|BOS2C04.fsm.currentState
650,ATLMDTMDM3:MDT_BA_JTAG_OUTER|BOS2A04.fsm.currentState
651,ATLMDTMDM6:MDT_ECA_JTAG_EE|EES2A12.fsm.currentState
652,ATLMDTMDM6:MDT_ECC_JTAG_EE|BEE2C02.fsm.currentState
653,ATLMDTMDM1:MDT_BA_JTAG_INNER|BIS5A16.fsm.currentState
654,ATLMDTMDM5:MDT_ECC_JTAG_MIDDLE|EMS2C16.fsm.currentState
655,ATLMDTMDM3:MDT_BC_JTAG_OUTER|BOL1C13.fsm.currentState
656,ATLMDTMDM6:MDT_ECA_JTAG_EE|BEE1A10.fsm.currentState
657,ATLMDTMDM6:MDT_ECC_JTAG_EE|BEE2C14.fsm.currentState
658,ATLMDTMDM2:MDT_BC_JTAG_MIDDLE|BMS5C02.fsm.currentState
659,ATLMDTMDM2:MDT_BC_JTAG_MIDDLE|BML6C07.fsm.currentState
660,ATLMDTMDM1:MDT_BA_JTAG_INNER|BIL6A05.fsm.currentState
661,ATLMDTMDM1:MDT_BC_JTAG_INNER|BIS2C06.fsm.currentState
662,ATLMDTMDM1:MDT_BA_JTAG_INNER|BIS3A02.fsm.currentState
663,ATLMDTMDM5:MDT_ECC_JTAG_MIDDLE|EML4C13.fsm.currentState
664,ATLMDTMDM2:MDT_BA_JTAG_MIDDLE|BME4A13.fsm.currentState
665,ATLMDTMDM2:MDT_BC_JTAG_MIDDLE|BML6C11.fsm.currentState
666,ATLMDTMDM1:MDT_BA_JTAG_INNER|BIL5A05.fsm.currentState
667,ATLMDTMDM1:MDT_BA_JTAG_INNER|BIL1A09.fsm.currentState
668,ATLMDTMDM1:MDT_BA_JTAG_INNER|BIL6A13.fsm.currentState
669,ATLMDTMDM4:MDT_ECA_JTAG_MIDDLE|EML1A13.fsm.currentState
670,ATLMDTMDM3:MDT_BA_JTAG_OUTER|BOL4A13.fsm.currentState
671,ATLMDTMDM3:MDT_BC_JTAG_OUTER|BOL1C09.fsm.currentState
672,ATLMDTMDM3:MDT_BC_JTAG_OUTER|BOS3C16.fsm.currentState
673,ATLMDTMDM4:MDT_ECA_JTAG_OUTER|EOL2A07.fsm.currentState
674,ATLMDTMDM5:MDT_ECC_JTAG_OUTER|EOL5C11.fsm.currentState
675,ATLMDTMDM3:MDT_BA_JTAG_OUTER|BOL5A01.fsm.currentState
676,ATLMDTMDM3:MDT_BA_JTAG_OUTER|BOL6A11.fsm.currentState
677,ATLMDTMDM1:MDT_BC_JTAG_INNER|BIS4C16.fsm.currentState
678,ATLMDTMDM4:MDT_ECA_JTAG_MIDDLE|EML3A09.fsm.currentState
679,ATLMDTMDM4:MDT_ECA_JTAG_MIDDLE|EML5A11.fsm.currentState
680,ATLMDTMDM4:MDT_ECA_JTAG_MIDDLE|EMS2A14.fsm.currentState
681,ATLMDTMDM4:MDT_ECA_JTAG_OUTER|EOL3A07.fsm.currentState
682,ATLMDTMDM3:MDT_BC_JTAG_OUTER|BOL4C03.fsm.currentState
683,ATLMDTMDM3:MDT_BA_JTAG_OUTER|BOS3A06.fsm.currentState
684,ATLMDTMDM3:MDT_BA_JTAG_OUTER|BOL2A09.fsm.currentState
685,ATLMDTMDM6:MDT_ECA_JTAG_EE|BEE2A06.fsm.currentState
686,ATLMDTMDM6:MDT_ECA_JTAG_EE|EES1A16.fsm.currentState
687,ATLMDTMDM2:MDT_BC_JTAG_MIDDLE|BMS4C10.fsm.currentState
688,ATLMDTMDM1:MDT_BA_JTAG_INNER|BIS6A06.fsm.currentState
689,ATLMDTMDM1:MDT_BC_JTAG_INNER|BIL2C09.fsm.currentState
690,ATLMDTMDM5:MDT_ECC_JTAG_MIDDLE|EMS2C14.fsm.currentState
691,ATLMDTMDM5:MDT_ECC_JTAG_OUTER|EOS6C04.fsm.currentState
692,ATLMDTMDM3:MDT_BA_JTAG_OUTER|BOS5A08.fsm.currentState
693,ATLMDTMDM2:MDT_BA_JTAG_MIDDLE|BML1A03.fsm.currentState
694,ATLMDTMDM1:MDT_BA_JTAG_INNER|BIS5A06.fsm.currentState
695,ATLMDTMDM1:MDT_BA_JTAG_INNER|BIL5A07.fsm.currentState
696,ATLMDTMDM1:MDT_BC_JTAG_INNER|BIL1C03.fsm.currentState
697,ATLMDTMDM1:MDT_BC_JTAG_INNER|BIL1C09.fsm.currentState
698,ATLMDTMDM1:MDT_BC_JTAG_INNER|BIS5C14.fsm.currentState
699,ATLMDTMDM4:MDT_ECA_JTAG_MIDDLE|EMS5A16.fsm.currentState
700,ATLMDTMDM3:MDT_BC_JTAG_OUTER|BOL4C05.fsm.currentState
701,ATLMDTMDM3:MDT_BC_JTAG_OUTER|BOL2C15.fsm.currentState
702,ATLMDTMDM1:MDT_BA_JTAG_INNER|BIS2A08.fsm.currentState
703,ATLMDTMDM1:MDT_BA_JTAG_INNER|BIR2A15.fsm.currentState
704,ATLMDTMDM5:MDT_ECC_JTAG_MIDDLE|EMS4C04.fsm.currentState
705,ATLMDTMDM4:MDT_ECA_JTAG_MIDDLE|EML1A07.fsm.currentState
706,ATLMDTMDM3:MDT_BC_JTAG_OUTER|BOF5C12.fsm.currentState
707,ATLMDTMDM6:MDT_ECC_JTAG_EE|EES1C08.fsm.currentState
708,ATLMDTMDM1:MDT_BA_JTAG_INNER|BIL5A09.fsm.currentState
709,ATLMDTMDM4:MDT_ECA_JTAG_OUTER|EOS1A14.fsm.currentState
710,ATLMDTMDM5:MDT_ECC_JTAG_OUTER|EOS4C10.fsm.currentState
711,ATLMDTMDM3:MDT_BC_JTAG_OUTER|BOS5C06.fsm.currentState
712,ATLMDTMDM3:MDT_BC_JTAG_OUTER|BOL5C07.fsm.currentState
713,ATLMDTMDM6:MDT_ECC_JTAG_EE|EES2C02.fsm.currentState
714,ATLMDTMDM6:MDT_ECC_JTAG_EE|BEE2C10.fsm.currentState
715,ATLMDTMDM1:MDT_BC_JTAG_INNER|BIR5C11.fsm.currentState
716,ATLMDTMDM4:MDT_ECA_JTAG_OUTER|EOL1A07.fsm.currentState
717,ATLMDTMDM5:MDT_ECC_JTAG_INNER|BIS7C12.fsm.currentState
718,ATLMDTMDM5:MDT_ECC_JTAG_OUTER|EOS1C10.fsm.currentState
719,ATLMDTMDM3:MDT_BC_JTAG_OUTER|BOL2C03.fsm.currentState
720,ATLMDTMDM3:MDT_BC_JTAG_OUTER|BOL6C05.fsm.currentState
721,ATLMDTMDM1:MDT_BC_JTAG_INNER|BIL1C07.fsm.currentState
722,ATLMDTMDM4:MDT_ECA_JTAG_MIDDLE|EML4A11.fsm.currentState
723,ATLMDTMDM5:MDT_ECC_JTAG_OUTER|EOL1C13.fsm.currentState
724,ATLMDTMDM3:MDT_BC_JTAG_OUTER|BOL1C05.fsm.currentState
725,ATLMDTMDM1:MDT_BA_JTAG_INNER|BIS2A02.fsm.currentState
726,ATLMDTMDM4:MDT_ECA_JTAG_MIDDLE|EMS4A14.fsm.currentState
727,ATLMDTMDM4:MDT_ECA_JTAG_OUTER|EOL1A09.fsm.currentState
728,ATLMDTMDM1:MDT_BA_JTAG_INNER|BIS5A04.fsm.currentState
729,ATLMDTMDM3:MDT_BA_JTAG_OUTER|BOS6A10.fsm.currentState
730,ATLMDTMDM2:MDT_BC_JTAG_MIDDLE|BMS2C04.fsm.currentState
731,ATLMDTMDM1:MDT_BA_JTAG_INNER|BIS4A08.fsm.currentState
732,ATLMDTMDM1:MDT_BC_JTAG_INNER|BIS1C14.fsm.currentState
733,ATLMDTMDM1:MDT_BC_JTAG_INNER|BIM4C15.fsm.currentState
734,ATLMDTMDM2:MDT_BA_JTAG_MIDDLE|BML3A01.fsm.currentState
735,ATLMDTMDM4:MDT_ECA_JTAG_OUTER|EOL2A03.fsm.currentState
736,ATLMDTMDM5:MDT_ECC_JTAG_MIDDLE|EML3C07.fsm.currentState
737,ATLMDTMDM4:MDT_ECA_JTAG_MIDDLE|EML1A11.fsm.currentState
738,ATLMDTMDM6:MDT_ECC_JTAG_EE|EEL2C09.fsm.currentState
739,ATLMDTMDM6:MDT_ECC_JTAG_EE|EES2C10.fsm.currentState
740,ATLMDTMDM2:MDT_BA_JTAG_MIDDLE|BMF3A14.fsm.currentState
741,ATLMDTMDM1:MDT_BA_JTAG_INNER|BIL5A01.fsm.currentState
742,ATLMDTMDM5:MDT_ECC_JTAG_MIDDLE|EMS5C14.fsm.currentState
743,ATLMDTMDM3:MDT_BC_JTAG_OUTER|BOL2C05.fsm.currentState
744,ATLMDTMDM3:MDT_BC_JTAG_OUTER|BOS6C08.fsm.currentState
745,ATLMDTMDM3:MDT_BA_JTAG_OUTER|BOL2A07.fsm.currentState
746,ATLMDTMDM2:MDT_BA_JTAG_MIDDLE|BML6A07.fsm.currentState
747,ATLMDTMDM2:MDT_BA_JTAG_MIDDLE|BMS4A08.fsm.currentState
748,ATLMDTMDM2:MDT_BA_JTAG_MIDDLE|BMS3A10.fsm.currentState
749,ATLMDTMDM2:MDT_BA_JTAG_MIDDLE|BML4A11.fsm.currentState
750,ATLMDTMDM2:MDT_BC_JTAG_MIDDLE|BMS2C02.fsm.currentState
751,ATLMDTMDM2:MDT_BC_JTAG_MIDDLE|BMS4C08.fsm.currentState
752,ATLMDTMDM4:MDT_ECA_JTAG_OUTER|EOL6A05.fsm.currentState
753,ATLMDTMDM5:MDT_ECC_JTAG_MIDDLE|EMS3C06.fsm.currentState
754,ATLMDTMDM5:MDT_ECC_JTAG_OUTER|EOS2C08.fsm.currentState
755,ATLMDTMDM5:MDT_ECC_JTAG_OUTER|EOS6C02.fsm.currentState
756,ATLMDTMDM3:MDT_BA_JTAG_OUTER|BOL1A01.fsm.currentState
757,ATLMDTMDM2:MDT_BC_JTAG_MIDDLE|BMS5C08.fsm.currentState
758,ATLMDTMDM1:MDT_BC_JTAG_INNER|BIL1C01.fsm.currentState
759,ATLMDTMDM4:MDT_ECA_JTAG_MIDDLE|EMS1A04.fsm.currentState
760,ATLMDTMDM5:MDT_ECC_JTAG_OUTER|EOS2C10.fsm.currentState
761,ATLMDTMDM3:MDT_BA_JTAG_OUTER|BOS2A10.fsm.currentState
762,ATLMDTMDM2:MDT_BA_JTAG_MIDDLE|BML2A15.fsm.currentState
763,ATLMDTMDM4:MDT_ECA_JTAG_MIDDLE|EMS4A04.fsm.currentState
764,ATLMDTMDM4:MDT_ECA_JTAG_OUTER|EOL2A09.fsm.currentState
765,ATLMDTMDM5:MDT_ECC_JTAG_OUTER|EOS6C16.fsm.currentState
766,ATLMDTMDM6:MDT_ECC_JTAG_EE|EEL1C11.fsm.currentState
767,ATLMDTMDM1:MDT_BA_JTAG_INNER|BIS3A16.fsm.currentState
768,ATLMDTMDM5:MDT_ECC_JTAG_MIDDLE|EMS5C02.fsm.currentState
769,ATLMDTMDM5:MDT_ECC_JTAG_OUTER|EOL3C03.fsm.currentState
770,ATLMDTMDM1:MDT_BA_JTAG_INNER|BIS2A12.fsm.currentState
771,ATLMDTMDM1:MDT_BC_JTAG_INNER|BIL3C01.fsm.currentState
772,ATLMDTMDM5:MDT_ECC_JTAG_MIDDLE|EML4C15.fsm.currentState
773,ATLMDTMDM3:MDT_BC_JTAG_OUTER|BOG4C14.fsm.currentState
774,ATLMDTMDM3:MDT_BA_JTAG_OUTER|BOS2A08.fsm.currentState
775,ATLMDTMDM6:MDT_ECA_JTAG_EE|EEL2A07.fsm.currentState
776,ATLMDTMDM6:MDT_ECC_JTAG_EE|EEL1C03.fsm.currentState
777,ATLMDTMDM2:MDT_BA_JTAG_MIDDLE|BML5A09.fsm.currentState
778,ATLMDTMDM5:MDT_ECC_JTAG_MIDDLE|EML4C03.fsm.currentState
779,ATLMDTMDM5:MDT_ECC_JTAG_OUTER|EOS6C12.fsm.currentState
780,ATLMDTMDM3:MDT_BA_JTAG_OUTER|BOG2A12.fsm.currentState
781,ATLMDTMDM3:MDT_BA_JTAG_OUTER|BOS4A16.fsm.currentState
782,ATLMDTMDM6:MDT_ECA_JTAG_EE|BEE2A04.fsm.currentState
783,ATLMDTMDM2:MDT_BC_JTAG_MIDDLE|BML4C03.fsm.currentState
784,ATLMDTMDM1:MDT_BC_JTAG_INNER|BIS1C04.fsm.currentState
785,ATLMDTMDM1:MDT_BC_JTAG_INNER|BIS6C08.fsm.currentState
786,ATLMDTMDM4:MDT_ECA_JTAG_OUTER|EOL4A11.fsm.currentState
787,ATLMDTMDM4:MDT_ECA_JTAG_OUTER|EOS5A02.fsm.currentState
788,ATLMDTMDM3:MDT_BA_JTAG_OUTER|BOS2A06.fsm.currentState
789,ATLMDTMDM6:MDT_ECA_JTAG_EE|EEL1A15.fsm.currentState
790,ATLMDTMDM6:MDT_ECC_JTAG_EE|EES1C14.fsm.currentState
791,ATLMDTMDM2:MDT_BC_JTAG_MIDDLE|BMS1C08.fsm.currentState
792,ATLMDTMDM2:MDT_BC_JTAG_MIDDLE|BMG6C14.fsm.currentState
793,ATLMDTMDM1:MDT_BC_JTAG_INNER|BIS5C08.fsm.currentState
794,ATLMDTMDM1:MDT_BA_JTAG_INNER|BIS6A02.fsm.currentState
795,ATLMDTMDM4:MDT_ECA_JTAG_OUTER|EOL6A09.fsm.currentState
796,ATLMDTMDM4:MDT_ECA_JTAG_OUTER|EOS2A10.fsm.currentState
797,ATLMDTMDM5:MDT_ECC_JTAG_MIDDLE|EMS3C10.fsm.currentState
798,ATLMDTMDM5:MDT_ECC_JTAG_INNER|BIS7C10.fsm.currentState
799,ATLMDTMDM5:MDT_ECC_JTAG_OUTER|EOL4C03.fsm.currentState
800,ATLMDTMDM3:MDT_BA_JTAG_OUTER|BOS6A16.fsm.currentState
801,ATLMDTMDM3:MDT_BC_JTAG_OUTER|BOL4C01.fsm.currentState
802,ATLMDTMDM1:MDT_BA_JTAG_INNER|BIM4A15.fsm.currentState
803,ATLMDTMDM4:MDT_ECA_JTAG_OUTER|EOS6A10.fsm.currentState
804,ATLMDTMDM3:MDT_BA_JTAG_OUTER|BOL3A13.fsm.currentState
805,ATLMDTMDM6:MDT_ECC_JTAG_EE|EEL2C05.fsm.currentState
806,ATLMDTMDM2:MDT_BA_JTAG_MIDDLE|BML6A11.fsm.currentState
807,ATLMDTMDM1:MDT_BA_JTAG_INNER|BIS5A10.fsm.currentState
808,ATLMDTMDM1:MDT_BA_JTAG_INNER|BIM4A11.fsm.currentState
809,ATLMDTMDM1:MDT_BA_JTAG_INNER|BIS4A16.fsm.currentState
810,ATLMDTMDM4:MDT_ECA_JTAG_OUTER|EOL2A13.fsm.currentState
811,ATLMDTMDM5:MDT_ECC_JTAG_MIDDLE|EML3C01.fsm.currentState
812,ATLMDTMDM5:MDT_ECC_JTAG_OUTER|EOS2C04.fsm.currentState
813,ATLMDTMDM3:MDT_BA_JTAG_OUTER|BOL1A05.fsm.currentState
814,ATLMDTMDM1:MDT_BA_JTAG_INNER|BIS5A08.fsm.currentState
815,ATLMDTMDM1:MDT_BC_JTAG_INNER|BIL4C01.fsm.currentState
816,ATLMDTMDM4:MDT_ECA_JTAG_OUTER|EOL3A13.fsm.currentState
817,ATLMDTMDM4:MDT_ECA_JTAG_MIDDLE|EML2A05.fsm.currentState
818,ATLMDTMDM3:MDT_BC_JTAG_OUTER|BOS4C06.fsm.currentState
819,ATLMDTMDM3:MDT_BA_JTAG_OUTER|BOS2A02.fsm.currentState
820,ATLMDTMDM2:MDT_BA_JTAG_MIDDLE|BMS1A06.fsm.currentState
821,ATLMDTMDM2:MDT_BA_JTAG_MIDDLE|BML5A15.fsm.currentState
822,ATLMDTMDM2:MDT_BA_JTAG_MIDDLE|BMS5A16.fsm.currentState
823,ATLMDTMDM2:MDT_BA_JTAG_MIDDLE|BML5A01.fsm.currentState
824,ATLMDTMDM4:MDT_ECA_JTAG_MIDDLE|EMS1A14.fsm.currentState
825,ATLMDTMDM4:MDT_ECA_JTAG_INNER|BIY7A14.fsm.currentState
826,ATLMDTMDM3:MDT_BC_JTAG_OUTER|BOS5C16.fsm.currentState
827,ATLMDTMDM1:MDT_BA_JTAG_INNER|BIR1A11.fsm.currentState
828,ATLMDTMDM1:MDT_BA_JTAG_INNER|BIR1A15.fsm.currentState
829,ATLMDTMDM2:MDT_BA_JTAG_MIDDLE|BMS3A02.fsm.currentState
830,ATLMDTMDM4:MDT_ECA_JTAG_OUTER|EOS6A04.fsm.currentState
831,ATLMDTMDM5:MDT_ECC_JTAG_OUTER|EOS4C04.fsm.currentState
832,ATLMDTMDM5:MDT_ECC_JTAG_OUTER|EOS5C14.fsm.currentState
833,ATLMDTMDM6:MDT_ECA_JTAG_EE|EEL2A03.fsm.currentState
834,ATLMDTMDM2:MDT_BC_JTAG_MIDDLE|BML4C09.fsm.currentState
835,ATLMDTMDM1:MDT_BA_JTAG_INNER|BIL6A09.fsm.currentState
836,ATLMDTMDM1:MDT_BA_JTAG_INNER|BIS6A12.fsm.currentState
837,ATLMDTMDM1:MDT_BC_JTAG_INNER|BIM2C11.fsm.currentState
838,ATLMDTMDM4:MDT_ECA_JTAG_MIDDLE|EMS4A06.fsm.currentState
839,ATLMDTMDM4:MDT_ECA_JTAG_OUTER|EOS2A02.fsm.currentState
840,ATLMDTMDM2:MDT_BC_JTAG_MIDDLE|BML6C05.fsm.currentState
841,ATLMDTMDM2:MDT_BC_JTAG_MIDDLE|BMS3C16.fsm.currentState
842,ATLMDTMDM4:MDT_ECA_JTAG_OUTER|EOS5A16.fsm.currentState
843,ATLMDTMDM5:MDT_ECC_JTAG_OUTER|EOL4C01.fsm.currentState
844,ATLMDTMDM5:MDT_ECC_JTAG_INNER|BIS8C16.fsm.currentState
845,ATLMDTMDM3:MDT_BA_JTAG_OUTER|BOG6A12.fsm.currentState
846,ATLMDTMDM2:MDT_BA_JTAG_MIDDLE|BMF3A12.fsm.currentState
847,ATLMDTMDM2:MDT_BC_JTAG_MIDDLE|BML4C07.fsm.currentState
848,ATLMDTMDM1:MDT_BA_JTAG_INNER|BIL3A13.fsm.currentState
849,ATLMDTMDM1:MDT_BC_JTAG_INNER|BIS3C14.fsm.currentState
850,ATLMDTMDM5:MDT_ECC_JTAG_INNER|BIS8C12.fsm.currentState
851,ATLMDTMDM3:MDT_BC_JTAG_OUTER|BOG2C12.fsm.currentState
852,ATLMDTMDM6:MDT_ECA_JTAG_EE|EES2A08.fsm.currentState
853,ATLMDTMDM2:MDT_BA_JTAG_MIDDLE|BMS1A10.fsm.currentState
854,ATLMDTMDM1:MDT_BA_JTAG_INNER|BIS3A14.fsm.currentState
855,ATLMDTMDM5:MDT_ECC_JTAG_MIDDLE|EMS4C10.fsm.currentState
856,ATLMDTMDM5:MDT_ECC_JTAG_INNER|BIS7C08.fsm.currentState
857,ATLMDTMDM5:MDT_ECC_JTAG_OUTER|EOL5C01.fsm.currentState
858,ATLMDTMDM3:MDT_BC_JTAG_OUTER|BOL3C05.fsm.currentState
859,ATLMDTMDM3:MDT_BC_JTAG_OUTER|BOL2C13.fsm.currentState
860,ATLMDTMDM6:MDT_ECA_JTAG_EE|BEE1A12.fsm.currentState
861,ATLMDTMDM2:MDT_BC_JTAG_MIDDLE|BML2C13.fsm.currentState
862,ATLMDTMDM1:MDT_BA_JTAG_INNER|BIR2A11.fsm.currentState
863,ATLMDTMDM1:MDT_BA_JTAG_INNER|BIR3A11.fsm.currentState
864,ATLMDTMDM4:MDT_ECA_JTAG_OUTER|EOS3A02.fsm.currentState
865,ATLMDTMDM5:MDT_ECC_JTAG_OUTER|EOL3C13.fsm.currentState
866,ATLMDTMDM3:MDT_BC_JTAG_OUTER|BOS5C10.fsm.currentState
867,ATLMDTMDM6:MDT_ECA_JTAG_EE|EEL2A05.fsm.currentState
868,ATLMDTMDM2:MDT_BA_JTAG_MIDDLE|BML1A05.fsm.currentState
869,ATLMDTMDM1:MDT_BC_JTAG_INNER|BIR6C11.fsm.currentState
870,ATLMDTMDM4:MDT_ECA_JTAG_MIDDLE|EML3A15.fsm.currentState
871,ATLMDTMDM5:MDT_ECC_JTAG_OUTER|EOL5C13.fsm.currentState
872,ATLMDTMDM6:MDT_ECA_JTAG_EE|EES2A02.fsm.currentState
873,ATLMDTMDM2:MDT_BA_JTAG_MIDDLE|BMS2A06.fsm.currentState
874,ATLMDTMDM3:MDT_BA_JTAG_OUTER|BOL1A15.fsm.currentState
875,ATLMDTMDM1:MDT_BC_JTAG_INNER|BIL4C03.fsm.currentState
876,ATLMDTMDM5:MDT_ECC_JTAG_MIDDLE|EML5C07.fsm.currentState
877,ATLMDTMDM3:MDT_BC_JTAG_OUTER|BOL3C09.fsm.currentState
878,ATLMDTMDM2:MDT_BA_JTAG_MIDDLE|BML1A07.fsm.currentState
879,ATLMDTMDM2:MDT_BC_JTAG_MIDDLE|BML5C15.fsm.currentState
880,ATLMDTMDM1:MDT_BC_JTAG_INNER|BIL2C03.fsm.currentState
881,ATLMDTMDM4:MDT_ECA_JTAG_INNER|BIX7A04.fsm.currentState
882,ATLMDTMDM5:MDT_ECC_JTAG_INNER|BIS7C02.fsm.currentState
883,ATLMDTMDM5:MDT_ECC_JTAG_OUTER|EOL4C15.fsm.currentState
884,ATLMDTMDM5:MDT_ECC_JTAG_OUTER|EOL6C13.fsm.currentState
885,ATLMDTMDM5:MDT_ECC_JTAG_OUTER|EOS1C12.fsm.currentState
886,ATLMDTMDM3:MDT_BC_JTAG_OUTER|BOS4C10.fsm.currentState
887,ATLMDTMDM2:MDT_BA_JTAG_MIDDLE|BME5A13.fsm.currentState
888,ATLMDTMDM1:MDT_BA_JTAG_INNER|BIS4A10.fsm.currentState
889,ATLMDTMDM4:MDT_ECA_JTAG_MIDDLE|EML3A01.fsm.currentState
890,ATLMDTMDM4:MDT_ECA_JTAG_OUTER|EOL6A13.fsm.currentState
891,ATLMDTMDM5:MDT_ECC_JTAG_MIDDLE|EML3C05.fsm.currentState
892,ATLMDTMDM5:MDT_ECC_JTAG_MIDDLE|EMS2C04.fsm.currentState
893,ATLMDTMDM3:MDT_BA_JTAG_OUTER|BOF7A14.fsm.currentState
894,ATLMDTMDM6:MDT_ECC_JTAG_EE|EEL2C13.fsm.currentState
895,ATLMDTMDM2:MDT_BC_JTAG_MIDDLE|BML5C05.fsm.currentState
896,ATLMDTMDM1:MDT_BC_JTAG_INNER|BIL2C07.fsm.currentState
897,ATLMDTMDM5:MDT_ECC_JTAG_MIDDLE|EMS5C08.fsm.currentState
898,ATLMDTMDM2:MDT_BA_JTAG_MIDDLE|BMS4A06.fsm.currentState
899,ATLMDTMDM4:MDT_ECA_JTAG_MIDDLE|EMS1A10.fsm.currentState
900,ATLMDTMDM5:MDT_ECC_JTAG_MIDDLE|EMS2C02.fsm.currentState
901,ATLMDTMDM5:MDT_ECC_JTAG_OUTER|EOS6C08.fsm.currentState
902,ATLMDTMDM3:MDT_BA_JTAG_OUTER|BOL6A13.fsm.currentState
903,ATLMDTMDM2:MDT_BC_JTAG_MIDDLE|BML2C03.fsm.currentState
904,ATLMDTMDM5:MDT_ECC_JTAG_OUTER|EOL3C01.fsm.currentState
905,ATLMDTMDM3:MDT_BC_JTAG_OUTER|BOS1C06.fsm.currentState
906,ATLMDTMDM6:MDT_ECA_JTAG_EE|EEL2A09.fsm.currentState
907,ATLMDTMDM2:MDT_BA_JTAG_MIDDLE|BMG6A12.fsm.currentState
908,ATLMDTMDM1:MDT_BA_JTAG_INNER|BIL1A05.fsm.currentState
909,ATLMDTMDM1:MDT_BC_JTAG_INNER|BIL4C07.fsm.currentState
910,ATLMDTMDM4:MDT_ECA_JTAG_OUTER|EOL4A09.fsm.currentState
911,ATLMDTMDM4:MDT_ECA_JTAG_OUTER|EOS2A04.fsm.currentState
912,ATLMDTMDM5:MDT_ECC_JTAG_INNER|EIL4C13.fsm.currentState
913,ATLMDTMDM5:MDT_ECC_JTAG_OUTER|EOL3C09.fsm.currentState
914,ATLMDTMDM3:MDT_BC_JTAG_OUTER|BOL6C15.fsm.currentState
915,ATLMDTMDM6:MDT_ECC_JTAG_EE|BEE2C06.fsm.currentState
916,ATLMDTMDM2:MDT_BA_JTAG_MIDDLE|BMS1A08.fsm.currentState
917,ATLMDTMDM2:MDT_BA_JTAG_MIDDLE|BML5A11.fsm.currentState
918,ATLMDTMDM2:MDT_BC_JTAG_MIDDLE|BMS3C08.fsm.currentState
919,ATLMDTMDM4:MDT_ECA_JTAG_MIDDLE|EML4A09.fsm.currentState
920,ATLMDTMDM3:MDT_BC_JTAG_OUTER|BOS3C10.fsm.currentState
921,ATLMDTMDM3:MDT_BC_JTAG_OUTER|BOG2C14.fsm.currentState
922,ATLMDTMDM2:MDT_BC_JTAG_MIDDLE|BML1C03.fsm.currentState
923,ATLMDTMDM1:MDT_BC_JTAG_INNER|BIS3C04.fsm.currentState
924,ATLMDTMDM5:MDT_ECC_JTAG_OUTER|EOL6C07.fsm.currentState
925,ATLMDTMDM3:MDT_BC_JTAG_OUTER|BOF1C12.fsm.currentState
926,ATLMDTMDM3:MDT_BC_JTAG_OUTER|BOF5C14.fsm.currentState
927,ATLMDTMDM3:MDT_BC_JTAG_OUTER|BOF7C14.fsm.currentState
928,ATLMDTMDM6:MDT_ECA_JTAG_EE|EEL1A13.fsm.currentState
929,ATLMDTMDM1:MDT_BA_JTAG_INNER|BIL2A03.fsm.currentState
930,ATLMDTMDM2:MDT_BC_JTAG_MIDDLE|BMF3C12.fsm.currentState
931,ATLMDTMDM2:MDT_BC_JTAG_MIDDLE|BMS6C16.fsm.currentState
932,ATLMDTMDM1:MDT_BA_JTAG_INNER|BIS6A10.fsm.currentState
933,ATLMDTMDM1:MDT_BC_JTAG_INNER|BIS1C02.fsm.currentState
934,ATLMDTMDM3:MDT_BC_JTAG_OUTER|BOL4C09.fsm.currentState
935,ATLMDTMDM2:MDT_BC_JTAG_MIDDLE|BMS4C04.fsm.currentState
936,ATLMDTMDM4:MDT_ECA_JTAG_OUTER|EOL4A13.fsm.currentState
937,ATLMDTMDM4:MDT_ECA_JTAG_OUTER|EOL5A03.fsm.currentState
938,ATLMDTMDM5:MDT_ECC_JTAG_MIDDLE|EMS5C16.fsm.currentState
939,ATLMDTMDM5:MDT_ECC_JTAG_OUTER|EOS1C02.fsm.currentState
940,ATLMDTMDM5:MDT_ECC_JTAG_OUTER|EOS2C06.fsm.currentState
941,ATLMDTMDM5:MDT_ECC_JTAG_OUTER|EOS6C06.fsm.currentState
942,ATLMDTMDM1:MDT_BC_JTAG_INNER|BIL5C07.fsm.currentState
943,ATLMDTMDM1:MDT_BC_JTAG_INNER|BIS6C14.fsm.currentState
944,ATLMDTMDM1:MDT_BC_JTAG_INNER|BIR4C15.fsm.currentState
945,ATLMDTMDM4:MDT_ECA_JTAG_MIDDLE|EML5A15.fsm.currentState
946,ATLMDTMDM4:MDT_ECA_JTAG_OUTER|EOS4A02.fsm.currentState
947,ATLMDTMDM5:MDT_ECC_JTAG_MIDDLE|EMS2C08.fsm.currentState
948,ATLMDTMDM5:MDT_ECC_JTAG_OUTER|EOS3C08.fsm.currentState
949,ATLMDTMDM2:MDT_BA_JTAG_MIDDLE|BML3A13.fsm.currentState
950,ATLMDTMDM4:MDT_ECA_JTAG_MIDDLE|EML3A11.fsm.currentState
951,ATLMDTMDM4:MDT_ECA_JTAG_INNER|BIX7A14.fsm.currentState
952,ATLMDTMDM4:MDT_ECA_JTAG_OUTER|EOS3A08.fsm.currentState
953,ATLMDTMDM3:MDT_BA_JTAG_OUTER|BOF5A12.fsm.currentState
954,ATLMDTMDM2:MDT_BC_JTAG_MIDDLE|BML4C15.fsm.currentState
955,ATLMDTMDM4:MDT_ECA_JTAG_OUTER|EOS1A04.fsm.currentState
956,ATLMDTMDM4:MDT_ECA_JTAG_INNER|EIL4A15.fsm.currentState
957,ATLMDTMDM6:MDT_ECA_JTAG_EE|BEE2A08.fsm.currentState
958,ATLMDTMDM6:MDT_ECA_JTAG_EE|EES1A12.fsm.currentState
959,ATLMDTMDM6:MDT_ECC_JTAG_EE|EEL2C01.fsm.currentState
960,ATLMDTMDM2:MDT_BA_JTAG_MIDDLE|BMF2A12.fsm.currentState
961,ATLMDTMDM1:MDT_BA_JTAG_INNER|BIS2A10.fsm.currentState
962,ATLMDTMDM1:MDT_BA_JTAG_INNER|BIL1A13.fsm.currentState
963,ATLMDTMDM4:MDT_ECA_JTAG_MIDDLE|EMS2A16.fsm.currentState
964,ATLMDTMDM5:MDT_ECC_JTAG_MIDDLE|EMS4C02.fsm.currentState
965,ATLMDTMDM5:MDT_ECC_JTAG_OUTER|EOS4C06.fsm.currentState
966,ATLMDTMDM4:MDT_ECA_JTAG_MIDDLE|EML1A09.fsm.currentState
967,ATLMDTMDM6:MDT_ECA_JTAG_EE|EES2A10.fsm.currentState
968,ATLMDTMDM2:MDT_BA_JTAG_MIDDLE|BMS2A08.fsm.currentState
969,ATLMDTMDM3:MDT_BC_JTAG_OUTER|BOS3C02.fsm.currentState
970,ATLMDTMDM2:MDT_BA_JTAG_MIDDLE|BMS2A04.fsm.currentState
971,ATLMDTMDM1:MDT_BA_JTAG_INNER|BIR4A15.fsm.currentState
972,ATLMDTMDM1:MDT_BC_JTAG_INNER|BIS4C06.fsm.currentState
973,ATLMDTMDM1:MDT_BC_JTAG_INNER|BIS5C10.fsm.currentState
974,ATLMDTMDM4:MDT_ECA_JTAG_MIDDLE|EMS4A02.fsm.currentState
975,ATLMDTMDM4:MDT_ECA_JTAG_OUTER|EOL3A05.fsm.currentState
976,ATLMDTMDM4:MDT_ECA_JTAG_OUTER|EOS3A14.fsm.currentState
977,ATLMDTMDM4:MDT_ECA_JTAG_OUTER|EOS6A02.fsm.currentState
978,ATLMDTMDM5:MDT_ECC_JTAG_OUTER|EOS4C12.fsm.currentState
979,ATLMDTMDM4:MDT_ECA_JTAG_INNER|BIY7A08.fsm.currentState
980,ATLMDTMDM5:MDT_ECC_JTAG_OUTER|EOL6C09.fsm.currentState
981,ATLMDTMDM2:MDT_BC_JTAG_MIDDLE|BMS1C02.fsm.currentState
982,ATLMDTMDM2:MDT_BC_JTAG_MIDDLE|BML2C15.fsm.currentState
983,ATLMDTMDM1:MDT_BA_JTAG_INNER|BIR5A15.fsm.currentState
984,ATLMDTMDM4:MDT_ECA_JTAG_OUTER|EOL3A01.fsm.currentState
985,ATLMDTMDM5:MDT_ECC_JTAG_INNER|BIS8C04.fsm.currentState
986,ATLMDTMDM3:MDT_BC_JTAG_OUTER|BOS3C08.fsm.currentState
987,ATLMDTMDM3:MDT_BC_JTAG_OUTER|BOF7C12.fsm.currentState
988,ATLMDTMDM3:MDT_BC_JTAG_OUTER|BOG6C12.fsm.currentState
989,ATLMDTMDM3:MDT_BA_JTAG_OUTER|BOL4A07.fsm.currentState
990,ATLMDTMDM6:MDT_ECC_JTAG_EE|EEL1C01.fsm.currentState
991,ATLMDTMDM2:MDT_BA_JTAG_MIDDLE|BML4A09.fsm.currentState
992,ATLMDTMDM2:MDT_BA_JTAG_MIDDLE|BMF2A14.fsm.currentState
993,ATLMDTMDM5:MDT_ECC_JTAG_MIDDLE|EML3C09.fsm.currentState
994,ATLMDTMDM3:MDT_BA_JTAG_OUTER|BOS3A08.fsm.currentState
995,ATLMDTMDM2:MDT_BC_JTAG_MIDDLE|BMS3C02.fsm.currentState
996,ATLMDTMDM1:MDT_BA_JTAG_INNER|BIM5A15.fsm.currentState
997,ATLMDTMDM1:MDT_BA_JTAG_INNER|BIS6A16.fsm.currentState
998,ATLMDTMDM4:MDT_ECA_JTAG_MIDDLE|EMS2A12.fsm.currentState
999,ATLMDTMDM4:MDT_ECA_JTAG_INNER|BIY7A16.fsm.currentState
1000,ATLMDTMDM4:MDT_ECA_JTAG_OUTER|EOS4A10.fsm.currentState
1001,ATLMDTMDM5:MDT_ECC_JTAG_MIDDLE|EMS4C14.fsm.currentState
1002,ATLMDTMDM3:MDT_BC_JTAG_OUTER|BOL5C01.fsm.currentState
1003,ATLMDTMDM3:MDT_BC_JTAG_OUTER|BOS2C16.fsm.currentState
1004,ATLMDTMDM2:MDT_BC_JTAG_MIDDLE|BMS1C06.fsm.currentState
1005,ATLMDTMDM2:MDT_BC_JTAG_MIDDLE|BML1C01.fsm.currentState
1006,ATLMDTMDM2:MDT_BC_JTAG_MIDDLE|BML2C09.fsm.currentState
1007,ATLMDTMDM2:MDT_BA_JTAG_MIDDLE|BMS2A02.fsm.currentState
1008,ATLMDTMDM4:MDT_ECA_JTAG_OUTER|EOS1A10.fsm.currentState
1009,ATLMDTMDM6:MDT_ECC_JTAG_EE|EEL1C09.fsm.currentState
1010,ATLMDTMDM2:MDT_BC_JTAG_MIDDLE|BML1C13.fsm.currentState
1011,ATLMDTMDM1:MDT_BA_JTAG_INNER|BIL1A07.fsm.currentState
1012,ATLMDTMDM1:MDT_BC_JTAG_INNER|BIR1C15.fsm.currentState
1013,ATLMDTMDM4:MDT_ECA_JTAG_INNER|BIX7A02.fsm.currentState
1014,ATLMDTMDM5:MDT_ECC_JTAG_MIDDLE|EML2C15.fsm.currentState
1015,ATLMDTMDM5:MDT_ECC_JTAG_MIDDLE|EMS4C06.fsm.currentState
1016,ATLMDTMDM4:MDT_ECA_JTAG_MIDDLE|EML1A05.fsm.currentState
1017,ATLMDTMDM3:MDT_BA_JTAG_OUTER|BOL1A11.fsm.currentState
1018,ATLMDTMDM6:MDT_ECC_JTAG_EE|BEE1C06.fsm.currentState
1019,ATLMDTMDM2:MDT_BA_JTAG_MIDDLE|BML5A05.fsm.currentState
1020,ATLMDTMDM5:MDT_ECC_JTAG_OUTER|EOL1C15.fsm.currentState
1021,ATLMDTMDM6:MDT_ECA_JTAG_EE|EEL2A15.fsm.currentState
1022,ATLMDTMDM2:MDT_BA_JTAG_MIDDLE|BML6A13.fsm.currentState
1023,ATLMDTMDM1:MDT_BC_JTAG_INNER|BIL5C01.fsm.currentState
1024,ATLMDTMDM5:MDT_ECC_JTAG_MIDDLE|EMS1C08.fsm.currentState
1025,ATLMDTMDM5:MDT_ECC_JTAG_MIDDLE|EMS3C02.fsm.currentState
1026,ATLMDTMDM3:MDT_BA_JTAG_OUTER|BOL3A03.fsm.currentState
1027,ATLMDTMDM3:MDT_BC_JTAG_OUTER|BOE3C13.fsm.currentState
1028,ATLMDTMDM3:MDT_BA_JTAG_OUTER|BOS5A06.fsm.currentState
1029,ATLMDTMDM1:MDT_BA_JTAG_INNER|BIL6A03.fsm.currentState
1030,ATLMDTMDM4:MDT_ECA_JTAG_OUTER|EOS5A04.fsm.currentState
1031,ATLMDTMDM5:MDT_ECC_JTAG_MIDDLE|EMS3C08.fsm.currentState
1032,ATLMDTMDM1:MDT_BA_JTAG_INNER|BIS3A06.fsm.currentState
1033,ATLMDTMDM1:MDT_BC_JTAG_INNER|BIS6C10.fsm.currentState
1034,ATLMDTMDM4:MDT_ECA_JTAG_OUTER|EOL5A11.fsm.currentState
1035,ATLMDTMDM2:MDT_BA_JTAG_MIDDLE|BMS2A16.fsm.currentState
1036,ATLMDTMDM2:MDT_BC_JTAG_MIDDLE|BMG6C12.fsm.currentState
1037,ATLMDTMDM1:MDT_BA_JTAG_INNER|BIS6A08.fsm.currentState
1038,ATLMDTMDM4:MDT_ECA_JTAG_OUTER|EOS3A04.fsm.currentState
1039,ATLMDTMDM5:MDT_ECC_JTAG_OUTER|EOL1C09.fsm.currentState
1040,ATLMDTMDM5:MDT_ECC_JTAG_OUTER|EOS3C06.fsm.currentState
1041,ATLMDTMDM5:MDT_ECC_JTAG_OUTER|EOS3C16.fsm.currentState
1042,ATLMDTMDM3:MDT_BA_JTAG_OUTER|BOF3A14.fsm.currentState
1043,ATLMDTMDM2:MDT_BC_JTAG_MIDDLE|BML2C05.fsm.currentState
1044,ATLMDTMDM1:MDT_BC_JTAG_INNER|BIL6C13.fsm.currentState
1045,ATLMDTMDM1:MDT_BC_JTAG_INNER|BIM1C15.fsm.currentState
1046,ATLMDTMDM4:MDT_ECA_JTAG_MIDDLE|EML5A13.fsm.currentState
1047,ATLMDTMDM5:MDT_ECC_JTAG_MIDDLE|EMS1C14.fsm.currentState
1048,ATLMDTMDM5:MDT_ECC_JTAG_OUTER|EOL6C15.fsm.currentState
1049,ATLMDTMDM5:MDT_ECC_JTAG_OUTER|EOS5C12.fsm.currentState
1050,ATLMDTMDM3:MDT_BA_JTAG_OUTER|BOF3A12.fsm.currentState
1051,ATLMDTMDM6:MDT_ECA_JTAG_EE|BEE1A06.fsm.currentState
1052,ATLMDTMDM1:MDT_BA_JTAG_INNER|BIM1A15.fsm.currentState
1053,ATLMDTMDM4:MDT_ECA_JTAG_OUTER|EOL1A13.fsm.currentState
1054,ATLMDTMDM3:MDT_BC_JTAG_OUTER|BOS6C02.fsm.currentState
1055,ATLMDTMDM2:MDT_BA_JTAG_MIDDLE|BML2A07.fsm.currentState
1056,ATLMDTMDM2:MDT_BA_JTAG_MIDDLE|BMF1A14.fsm.currentState
1057,ATLMDTMDM2:MDT_BC_JTAG_MIDDLE|BML3C11.fsm.currentState
1058,ATLMDTMDM1:MDT_BA_JTAG_INNER|BIL6A07.fsm.currentState
1059,ATLMDTMDM1:MDT_BA_JTAG_INNER|BIS6A14.fsm.currentState
1060,ATLMDTMDM3:MDT_BC_JTAG_OUTER|BOL2C07.fsm.currentState
1061,ATLMDTMDM3:MDT_BA_JTAG_OUTER|BOL2A01.fsm.currentState
1062,ATLMDTMDM3:MDT_BA_JTAG_OUTER|BOL4A09.fsm.currentState
1063,ATLMDTMDM6:MDT_ECC_JTAG_EE|EES1C12.fsm.currentState
1064,ATLMDTMDM2:MDT_BC_JTAG_MIDDLE|BMG2C14.fsm.currentState
1065,ATLMDTMDM1:MDT_BA_JTAG_INNER|BIL4A09.fsm.currentState
1066,ATLMDTMDM1:MDT_BA_JTAG_INNER|BIS1A14.fsm.currentState
1067,ATLMDTMDM5:MDT_ECC_JTAG_MIDDLE|EML2C01.fsm.currentState
1068,ATLMDTMDM2:MDT_BA_JTAG_MIDDLE|BML1A01.fsm.currentState
1069,ATLMDTMDM2:MDT_BA_JTAG_MIDDLE|BMS1A02.fsm.currentState
1070,ATLMDTMDM4:MDT_ECA_JTAG_INNER|BIY7A06.fsm.currentState
1071,ATLMDTMDM5:MDT_ECC_JTAG_OUTER|EOS5C06.fsm.currentState
1072,ATLMDTMDM6:MDT_ECC_JTAG_EE|EES2C04.fsm.currentState
1073,ATLMDTMDM2:MDT_BC_JTAG_MIDDLE|BMS6C02.fsm.currentState
1074,ATLMDTMDM1:MDT_BC_JTAG_INNER|BIS1C12.fsm.currentState
1075,ATLMDTMDM1:MDT_BC_JTAG_INNER|BIS4C14.fsm.currentState
1076,ATLMDTMDM4:MDT_ECA_JTAG_MIDDLE|EML4A07.fsm.currentState
1077,ATLMDTMDM4:MDT_ECA_JTAG_MIDDLE|EMS4A12.fsm.currentState
1078,ATLMDTMDM4:MDT_ECA_JTAG_OUTER|EOL1A03.fsm.currentState
1079,ATLMDTMDM4:MDT_ECA_JTAG_OUTER|EOL3A11.fsm.currentState
1080,ATLMDTMDM5:MDT_ECC_JTAG_MIDDLE|EMS2C10.fsm.currentState
1081,ATLMDTMDM5:MDT_ECC_JTAG_OUTER|EOL2C15.fsm.currentState
1082,ATLMDTMDM5:MDT_ECC_JTAG_INNER|BIS8C08.fsm.currentState
1083,ATLMDTMDM3:MDT_BC_JTAG_OUTER|BOS5C04.fsm.currentState
1084,ATLMDTMDM1:MDT_BC_JTAG_INNER|BIS1C10.fsm.currentState
1085,ATLMDTMDM1:MDT_BC_JTAG_INNER|BIR5C15.fsm.currentState
1086,ATLMDTMDM4:MDT_ECA_JTAG_MIDDLE|EMS1A06.fsm.currentState
1087,ATLMDTMDM3:MDT_BA_JTAG_OUTER|BOS6A04.fsm.currentState
1088,ATLMDTMDM3:MDT_BC_JTAG_OUTER|BOS1C16.fsm.currentState
1089,ATLMDTMDM2:MDT_BA_JTAG_MIDDLE|BML4A03.fsm.currentState
1090,ATLMDTMDM1:MDT_BA_JTAG_INNER|BIS4A14.fsm.currentState
1091,ATLMDTMDM3:MDT_BA_JTAG_OUTER|BOL6A09.fsm.currentState
1092,ATLMDTMDM6:MDT_ECA_JTAG_EE|EES1A04.fsm.currentState
1093,ATLMDTMDM2:MDT_BA_JTAG_MIDDLE|BMS3A16.fsm.currentState
1094,ATLMDTMDM2:MDT_BC_JTAG_MIDDLE|BML3C13.fsm.currentState
1095,ATLMDTMDM3:MDT_BA_JTAG_OUTER|BOF1A12.fsm.currentState
1096,ATLMDTMDM3:MDT_BC_JTAG_OUTER|BOL6C03.fsm.currentState
1097,ATLMDTMDM3:MDT_BC_JTAG_OUTER|BOS1C10.fsm.currentState
1098,ATLMDTMDM3:MDT_BC_JTAG_OUTER|BOG8C14.fsm.currentState
1099,ATLMDTMDM6:MDT_ECA_JTAG_EE|BEE2A12.fsm.currentState
1100,ATLMDTMDM2:MDT_BC_JTAG_MIDDLE|BMG2C12.fsm.currentState
1101,ATLMDTMDM4:MDT_ECA_JTAG_OUTER|EOL4A01.fsm.currentState
1102,ATLMDTMDM5:MDT_ECC_JTAG_MIDDLE|EML5C01.fsm.currentState
1103,ATLMDTMDM5:MDT_ECC_JTAG_MIDDLE|EML5C11.fsm.currentState
