,element_name,comment_
0,ATLMDTPS3:CAEN/PSMDT01/branchController15/easyCrate3/easyBoard05/channel002.actual.vMon,MDT PS EC EML2C03 | EML3C03 LV Vmon
1,ATLMDTPS3:CAEN/PSMDT01/branchController15/easyCrate2/easyBoard01/channel002.actual.vMon,MDT PS EC EML4C13 | EML5C13 LV Vmon
2,ATLMDTPS3:CAEN/PSMDT01/branchController15/easyCrate2/easyBoard09/channel002.actual.vMon,MDT PS EC EMS4C16 | EMS5C16 LV Vmon
3,ATLMDTPS2:CAEN/PSMDT02/branchController02/easyCrate2/easyBoard05/channel001.actual.vMon,MDT PS BC BML4C11 | BML5C11 LV Vmon
4,ATLMDTPS2:CAEN/PSMDT02/branchController03/easyCrate0/easyBoard13/channel003.actual.vMon,MDT PS BA BIR1A11 | BIR2A11 LV Vmon
5,ATLMDTPS2:CAEN/PSMDT02/branchController06/easyCrate3/easyBoard17/channel001.actual.vMon,MDT PS BC BML4C05 | BML5C05 LV Vmon
6,ATLMDTPS2:CAEN/PSMDT02/branchController02/easyCrate0/easyBoard13/channel000.actual.vMon,MDT PS BA BML2A09 | BML3A09 LV Vmon
7,ATLMDTPS3:CAEN/PSMDT02/branchController07/easyCrate1/easyBoard17/channel003.actual.vMon,MDT PS EA BIS7A14 | BIS8A14 | BIS8A16 LV Vmon
8,ATLMDTPS3:CAEN/PSMDT01/branchController12/easyCrate2/easyBoard05/channel005.actual.vMon,MDT PS EA EEL1A11 | EEL2A11 LV Vmon
9,ATLMDTPS2:CAEN/PSMDT02/branchController01/easyCrate3/easyBoard01/channel001.actual.vMon,MDT PS BC BOL2C07 | BOS2C08 LV Vmon
10,ATLMDTPS2:CAEN/PSMDT02/branchController06/easyCrate3/easyBoard09/channel001.actual.vMon,MDT PS BA BMS5A04 | BMS5A06 LV Vmon
11,ATLMDTPS3:CAEN/PSMDT01/branchController10/easyCrate0/easyBoard09/channel000.actual.vMon,MDT PS EA EOL3A11 | EOL4A11 LV Vmon
12,ATLMDTPS3:CAEN/PSMDT01/branchController14/easyCrate4/easyBoard09/channel001.actual.vMon,MDT PS EA EMS4A08 | EMS5A08 LV Vmon
13,ATLMDTPS2:CAEN/PSMDT02/branchController07/easyCrate1/easyBoard13/channel004.actual.vMon,MDT PS BA BIR3A15 | BIR6A15 LV Vmon
14,ATLMDTPS2:CAEN/PSMDT02/branchController06/easyCrate0/easyBoard17/channel000.actual.vMon,MDT PS BA BMS4A16 | BMS6A16 LV Vmon
15,ATLMDTPS3:CAEN/PSMDT01/branchController11/easyCrate3/easyBoard09/channel001.actual.vMon,MDT PS EC EOL5C03 | EOL6C03 LV Vmon
16,ATLMDTPS2:CAEN/PSMDT02/branchController00/easyCrate1/easyBoard13/channel000.actual.vMon,MDT PS BA BOL1A11 | BOL3A11 LV Vmon
17,ATLMDTPS3:CAEN/PSMDT01/branchController15/easyCrate4/easyBoard01/channel002.actual.vMon,MDT PS EC EML4C05 | EML5C05 LV Vmon
18,ATLMDTPS2:CAEN/PSMDT02/branchController05/easyCrate2/easyBoard05/channel002.actual.vMon,MDT PS BC BOS5C04 | BOS6C04 LV Vmon
19,ATLMDTPS3:CAEN/PSMDT01/branchController14/easyCrate4/easyBoard01/channel001.actual.vMon,MDT PS EA EML2A05 | EML3A05 LV Vmon
20,ATLMDTPS3:CAEN/PSMDT01/branchController14/easyCrate2/easyBoard09/channel001.actual.vMon,MDT PS EA EMS4A16 | EMS5A16 LV Vmon
21,ATLMDTPS3:CAEN/PSMDT01/branchController10/easyCrate4/easyBoard09/channel002.actual.vMon,MDT PS EA EOS2A08 | EOS3A08 LV Vmon
22,ATLMDTPS3:CAEN/PSMDT01/branchController11/easyCrate3/easyBoard01/channel001.actual.vMon,MDT PS EC EOL3C01 | EOL4C01 LV Vmon
23,ATLMDTPS3:CAEN/PSMDT01/branchController11/easyCrate4/easyBoard01/channel002.actual.vMon,MDT PS EC EOL5C05 | EOL6C05 LV Vmon
24,ATLMDTPS3:CAEN/PSMDT01/branchController11/easyCrate0/easyBoard09/channel002.actual.vMon,MDT PS EC EOS2C12 | EOS3C12 LV Vmon
25,ATLMDTPS3:CAEN/PSMDT01/branchController14/easyCrate0/easyBoard05/channel002.actual.vMon,MDT PS EA EML2A11 | EML3A11 LV Vmon
26,ATLMDTPS2:CAEN/PSMDT02/branchController03/easyCrate0/easyBoard09/channel000.actual.vMon,MDT PS BA BIL1A09 | BIL2A09 LV Vmon
27,ATLMDTPS2:CAEN/PSMDT02/branchController01/easyCrate1/easyBoard13/channel002.actual.vMon,MDT PS BA BOL3A07 | BOL6A07 LV Vmon
28,ATLMDTPS2:CAEN/PSMDT02/branchController03/easyCrate2/easyBoard17/channel000.actual.vMon,MDT PS BC BIS1C12 | BIS2C12 LV Vmon
29,ATLMDTPS2:CAEN/PSMDT02/branchController06/easyCrate1/easyBoard09/channel002.actual.vMon,MDT PS BC BMS2C02 | BMS3C02 LV Vmon
30,ATLMDTPS2:CAEN/PSMDT02/branchController02/easyCrate0/easyBoard09/channel002.actual.vMon,MDT PS BA BMS1A08 | BMS1A10 LV Vmon
31,ATLMDTPS2:CAEN/PSMDT02/branchController05/easyCrate3/easyBoard09/channel002.actual.vMon,MDT PS BC BOS5C02 | BOS6C02 LV Vmon
32,ATLMDTPS3:CAEN/PSMDT01/branchController10/easyCrate3/easyBoard01/channel000.actual.vMon,MDT PS EA EOL1A01 | EOL2A01 LV Vmon
33,ATLMDTPS2:CAEN/PSMDT02/branchController04/easyCrate0/easyBoard13/channel003.actual.vMon,MDT PS BA BOG0B14 | BOG2A14 LV Vmon
34,ATLMDTPS2:CAEN/PSMDT02/branchController03/easyCrate0/easyBoard05/channel000.actual.vMon,MDT PS BA BIL1A07 | BIL2A07 LV Vmon
35,ATLMDTPS2:CAEN/PSMDT02/branchController07/easyCrate1/easyBoard05/channel004.actual.vMon,MDT PS BA BIS3A04 | BIS4A04 LV Vmon
36,ATLMDTPS2:CAEN/PSMDT02/branchController04/easyCrate3/easyBoard09/channel001.actual.vMon,MDT PS BC BOE3C13 LV Vmon
37,ATLMDTPS3:CAEN/PSMDT02/branchController03/easyCrate2/easyBoard17/channel004.actual.vMon,MDT PS EC BIS7C08 | BIS8C08 LV Vmon
38,ATLMDTPS2:CAEN/PSMDT02/branchController04/easyCrate2/easyBoard09/channel001.actual.vMon,MDT PS BA BMG6A14 LV Vmon
39,ATLMDTPS2:CAEN/PSMDT02/branchController06/easyCrate3/easyBoard05/channel002.actual.vMon,MDT PS BA BMS1A04 | BMS1A06 LV Vmon
40,ATLMDTPS2:CAEN/PSMDT02/branchController07/easyCrate2/easyBoard05/channel003.actual.vMon,MDT PS BC BIS1C04 | BIS2C04 LV Vmon
41,ATLMDTPS3:CAEN/PSMDT01/branchController10/easyCrate4/easyBoard01/channel000.actual.vMon,MDT PS EA EOL1A05 | EOL2A05 LV Vmon
42,ATLMDTPS3:CAEN/PSMDT01/branchController14/easyCrate2/easyBoard09/channel000.actual.vMon,MDT PS EA EMS2A16 | EMS3A16 LV Vmon
43,ATLMDTPS2:CAEN/PSMDT02/branchController00/easyCrate1/easyBoard13/channel003.actual.vMon,MDT PS BA BOF5A12 | BOL6A11 LV Vmon
44,ATLMDTPS3:CAEN/PSMDT02/branchController07/easyCrate1/easyBoard17/channel004.actual.vMon,MDT PS EA BIS7A04 | BIS7A14 LV Vmon
45,ATLMDTPS2:CAEN/PSMDT02/branchController05/easyCrate3/easyBoard01/channel001.actual.vMon,MDT PS BC BOL2C01 | BOL4C01 LV Vmon
46,ATLMDTPS3:CAEN/PSMDT01/branchController10/easyCrate1/easyBoard05/channel003.actual.vMon,MDT PS EA EOL1A15 | EOL2A15 LV Vmon
47,ATLMDTPS3:CAEN/PSMDT02/branchController07/easyCrate2/easyBoard17/channel004.actual.vMon,MDT PS EC BIS7C02 | BIS7C04 | BIS8C02 | BIS8C04 LV Vmon
48,ATLMDTPS2:CAEN/PSMDT02/branchController04/easyCrate3/easyBoard01/channel001.actual.vMon,MDT PS BC BOL2C13 | BOL3C13 LV Vmon
49,ATLMDTPS2:CAEN/PSMDT02/branchController00/easyCrate0/easyBoard17/channel001.actual.vMon,MDT PS BA BOS1A10 | BOS3A10 LV Vmon
50,ATLMDTPS2:CAEN/PSMDT02/branchController07/easyCrate2/easyBoard01/channel003.actual.vMon,MDT PS BC BIS1C02 | BIS2C02 LV Vmon
51,ATLMDTPS3:CAEN/PSMDT01/branchController10/easyCrate1/easyBoard05/channel000.actual.vMon,MDT PS EA EOS1A16 | EOS3A14 LV Vmon
52,ATLMDTPS3:CAEN/PSMDT01/branchController14/easyCrate3/easyBoard05/channel002.actual.vMon,MDT PS EA EML2A03 | EML3A03 LV Vmon
53,ATLMDTPS2:CAEN/PSMDT02/branchController00/easyCrate3/easyBoard17/channel000.actual.vMon,MDT PS BC BOL6C09 | BOS6C10 LV Vmon
54,ATLMDTPS2:CAEN/PSMDT02/branchController02/easyCrate2/easyBoard05/channel002.actual.vMon,MDT PS BA BMF1A12 | BMF1A14 LV Vmon
55,ATLMDTPS3:CAEN/PSMDT01/branchController12/easyCrate2/easyBoard17/channel001.actual.vMon,MDT PS EA BEE1A06 | BEE1A08 | BEE2A06 | BEE2A08 LV Vmon
56,ATLMDTPS2:CAEN/PSMDT02/branchController05/easyCrate3/easyBoard01/channel002.actual.vMon,MDT PS BC BOL1C01 | BOL3C01 LV Vmon
57,ATLMDTPS3:CAEN/PSMDT01/branchController14/easyCrate2/easyBoard01/channel000.actual.vMon,MDT PS EA EML1A13 | EML1A15 LV Vmon
58,ATLMDTPS2:CAEN/PSMDT02/branchController05/easyCrate3/easyBoard09/channel000.actual.vMon,MDT PS BC BOS1C02 | BOS2C02 LV Vmon
59,ATLMDTPS2:CAEN/PSMDT02/branchController03/easyCrate0/easyBoard01/channel003.actual.vMon,MDT PS BA BIS1A06 | BIS2A06 LV Vmon
60,ATLMDTPS2:CAEN/PSMDT02/branchController06/easyCrate3/easyBoard13/channel000.actual.vMon,MDT PS BA BML1A05 | BML6A05 LV Vmon
61,ATLMDTPS2:CAEN/PSMDT02/branchController02/easyCrate2/easyBoard17/channel003.actual.vMon,MDT PS BC BME4C13 | BME5C13 LV Vmon
62,ATLMDTPS2:CAEN/PSMDT02/branchController06/easyCrate1/easyBoard05/channel002.actual.vMon,MDT PS BA BMS1A02 | BMS1A16 LV Vmon
63,ATLMDTPS2:CAEN/PSMDT02/branchController07/easyCrate2/easyBoard13/channel005.actual.vMon,MDT PS BC BIR4C15 | BIR5C15 LV Vmon
64,ATLMDTPS2:CAEN/PSMDT02/branchController02/easyCrate2/easyBoard05/channel003.actual.vMon,MDT PS BA BMF2A12 | BMF2A14 LV Vmon
65,ATLMDTPS2:CAEN/PSMDT02/branchController07/easyCrate1/easyBoard05/channel001.actual.vMon,MDT PS BA BIL3A03 | BIL4A03 LV Vmon
66,ATLMDTPS2:CAEN/PSMDT02/branchController00/easyCrate0/easyBoard13/channel000.actual.vMon,MDT PS BA BOL1A09 | BOL3A09 LV Vmon
67,ATLMDTPS3:CAEN/PSMDT01/branchController12/easyCrate2/easyBoard17/channel003.actual.vMon,MDT PS EA BEE1A14 | BEE1A16 | BEE2A14 | BEE2A16 LV Vmon
68,ATLMDTPS3:CAEN/PSMDT01/branchController14/easyCrate3/easyBoard05/channel001.actual.vMon,MDT PS EA EMS1A04 | EMS5A02 LV Vmon
69,ATLMDTPS3:CAEN/PSMDT01/branchController13/easyCrate2/easyBoard05/channel001.actual.vMon,MDT PS EC BEE1C06 | BEE1C08 | BEE2C06 | BEE2C08 LV Vmon
70,ATLMDTPS3:CAEN/PSMDT01/branchController15/easyCrate3/easyBoard01/channel003.actual.vMon,MDT PS EC EMS1C02 | EMS2C02 LV Vmon
71,ATLMDTPS3:CAEN/PSMDT01/branchController12/easyCrate2/easyBoard05/channel003.actual.vMon,MDT PS EA EES1A04 | EES2A04 LV Vmon
72,ATLMDTPS3:CAEN/PSMDT01/branchController10/easyCrate4/easyBoard09/channel001.actual.vMon,MDT PS EA EOL5A07 | EOL6A07 LV Vmon
73,ATLMDTPS3:CAEN/PSMDT01/branchController13/easyCrate2/easyBoard17/channel005.actual.vMon,MDT PS EC EEL1C11 | EEL2C11 LV Vmon
74,ATLMDTPS2:CAEN/PSMDT02/branchController01/easyCrate2/easyBoard01/channel002.actual.vMon,MDT PS BC BOL4C05 | BOL5C05 LV Vmon
75,ATLMDTPS3:CAEN/PSMDT01/branchController10/easyCrate0/easyBoard05/channel003.actual.vMon,MDT PS EA EOL1A11 | EOL2A11 LV Vmon
76,ATLMDTPS3:CAEN/PSMDT01/branchController11/easyCrate3/easyBoard01/channel000.actual.vMon,MDT PS EC EOL1C01 | EOL2C01 LV Vmon
77,ATLMDTPS2:CAEN/PSMDT02/branchController02/easyCrate0/easyBoard17/channel001.actual.vMon,MDT PS BC BMS2C08 | BMS3C08 LV Vmon
78,ATLMDTPS3:CAEN/PSMDT01/branchController11/easyCrate4/easyBoard09/channel000.actual.vMon,MDT PS EC EOL3C07 | EOL4C07 LV Vmon
79,ATLMDTPS3:CAEN/PSMDT01/branchController10/easyCrate0/easyBoard09/channel001.actual.vMon,MDT PS EA EOL5A11 | EOL6A11 LV Vmon
80,ATLMDTPS3:CAEN/PSMDT01/branchController10/easyCrate3/easyBoard05/channel000.actual.vMon,MDT PS EA EOS1A04 | EOS3A02 LV Vmon
81,ATLMDTPS3:CAEN/PSMDT01/branchController11/easyCrate1/easyBoard01/channel003.actual.vMon,MDT PS EC EOS1C14 | EOS2C14 LV Vmon
82,ATLMDTPS3:CAEN/PSMDT01/branchController15/easyCrate3/easyBoard09/channel002.actual.vMon,MDT PS EC EMS2C04 | EMS3C04 LV Vmon
83,ATLMDTPS2:CAEN/PSMDT02/branchController03/easyCrate2/easyBoard17/channel001.actual.vMon,MDT PS BC BIS3C12 | BIS4C12 LV Vmon
84,ATLMDTPS3:CAEN/PSMDT01/branchController10/easyCrate4/easyBoard05/channel000.actual.vMon,MDT PS EA EOS1A08 | EOS3A06 LV Vmon
85,ATLMDTPS3:CAEN/PSMDT01/branchController15/easyCrate3/easyBoard05/channel003.actual.vMon,MDT PS EC EML4C03 | EML5C03 LV Vmon
86,ATLMDTPS3:CAEN/PSMDT01/branchController14/easyCrate2/easyBoard05/channel001.actual.vMon,MDT PS EA EMS1A16 | EMS5A14 LV Vmon
87,ATLMDTPS3:CAEN/PSMDT01/branchController12/easyCrate2/easyBoard05/channel004.actual.vMon,MDT PS EA EEL1A09 | EEL2A09 LV Vmon
88,ATLMDTPS2:CAEN/PSMDT02/branchController03/easyCrate2/easyBoard01/channel003.actual.vMon,MDT PS BC BIS1C06 | BIS2C06 LV Vmon
89,ATLMDTPS3:CAEN/PSMDT01/branchController11/easyCrate3/easyBoard05/channel001.actual.vMon,MDT PS EC EOS4C02 | EOS5C02 LV Vmon
90,ATLMDTPS3:CAEN/PSMDT02/branchController04/easyCrate2/easyBoard13/channel000.actual.vMon,MDT PS EA BIS7A12 LV Vmon
91,ATLMDTPS2:CAEN/PSMDT02/branchController07/easyCrate2/easyBoard13/channel002.actual.vMon,MDT PS BC BIM5C15 LV Vmon
92,ATLMDTPS2:CAEN/PSMDT02/branchController02/easyCrate0/easyBoard13/channel001.actual.vMon,MDT PS BA BML4A09 | BML5A09 LV Vmon
93,ATLMDTPS3:CAEN/PSMDT01/branchController13/easyCrate2/easyBoard05/channel003.actual.vMon,MDT PS EC BEE1C14 | BEE1C16 | BEE2C14 | BEE2C16 LV Vmon
94,ATLMDTPS3:CAEN/PSMDT01/branchController14/easyCrate0/easyBoard09/channel001.actual.vMon,MDT PS EA EMS4A12 | EMS5A12 LV Vmon
95,ATLMDTPS3:CAEN/PSMDT01/branchController10/easyCrate0/easyBoard01/channel000.actual.vMon,MDT PS EA EOL1A09 | EOL2A09 LV Vmon
96,ATLMDTPS3:CAEN/PSMDT01/branchController11/easyCrate1/easyBoard09/channel001.actual.vMon,MDT PS EC EOL5C15 | EOL6C15 LV Vmon
97,ATLMDTPS3:CAEN/PSMDT01/branchController10/easyCrate0/easyBoard01/channel003.actual.vMon,MDT PS EA EOS1A10 | EOS2A10 LV Vmon
98,ATLMDTPS3:CAEN/PSMDT01/branchController11/easyCrate1/easyBoard05/channel001.actual.vMon,MDT PS EC EOS4C14 | EOS5C14 LV Vmon
99,ATLMDTPS3:CAEN/PSMDT01/branchController11/easyCrate0/easyBoard05/channel000.actual.vMon,MDT PS EC EOS1C12 | EOS3C10 LV Vmon
100,ATLMDTPS2:CAEN/PSMDT02/branchController00/easyCrate2/easyBoard01/channel001.actual.vMon,MDT PS BC BOF1C12 | BOL2C11 LV Vmon
101,ATLMDTPS2:CAEN/PSMDT02/branchController01/easyCrate0/easyBoard13/channel001.actual.vMon,MDT PS BA BOL3A05 | BOL6A05 LV Vmon
102,ATLMDTPS3:CAEN/PSMDT01/branchController15/easyCrate3/easyBoard09/channel001.actual.vMon,MDT PS EC EMS4C04 | EMS5C04 LV Vmon
103,ATLMDTPS2:CAEN/PSMDT02/branchController00/easyCrate1/easyBoard17/channel000.actual.vMon,MDT PS BA BOG0B12 | BOG2A12 LV Vmon
104,ATLMDTPS3:CAEN/PSMDT01/branchController11/easyCrate3/easyBoard09/channel002.actual.vMon,MDT PS EC EOS2C04 | EOS3C04 LV Vmon
105,ATLMDTPS3:CAEN/PSMDT01/branchController14/easyCrate0/easyBoard05/channel001.actual.vMon,MDT PS EA EMS1A12 | EMS5A10 LV Vmon
106,ATLMDTPS3:CAEN/PSMDT01/branchController12/easyCrate2/easyBoard09/channel005.actual.vMon,MDT PS EA EEL2A05 LV Vmon
107,ATLMDTPS2:CAEN/PSMDT02/branchController07/easyCrate1/easyBoard17/channel000.actual.vMon,MDT PS BA BIS1A16 | BIS2A16 LV Vmon
108,ATLMDTPS2:CAEN/PSMDT02/branchController05/easyCrate0/easyBoard13/channel002.actual.vMon,MDT PS BA BOL3A01 | BOL4A01 LV Vmon
109,ATLMDTPS3:CAEN/PSMDT01/branchController15/easyCrate0/easyBoard01/channel001.actual.vMon,MDT PS EC EML2C09 | EML3C09 LV Vmon
110,ATLMDTPS2:CAEN/PSMDT02/branchController07/easyCrate1/easyBoard01/channel005.actual.vMon,MDT PS BA BIS5A02 | BIS6A02 LV Vmon
111,ATLMDTPS2:CAEN/PSMDT02/branchController07/easyCrate2/easyBoard01/channel000.actual.vMon,MDT PS BC BIL1C01 | BIL2C01 LV Vmon
112,ATLMDTPS3:CAEN/PSMDT01/branchController10/easyCrate3/easyBoard09/channel003.actual.vMon,MDT PS EA EOS4A04 | EOS5A04 LV Vmon
113,ATLMDTPS3:CAEN/PSMDT01/branchController15/easyCrate3/easyBoard01/channel000.actual.vMon,MDT PS EC EML1C01 | EML1C03 LV Vmon
114,ATLMDTPS3:CAEN/PSMDT01/branchController14/easyCrate2/easyBoard05/channel002.actual.vMon,MDT PS EA EML2A15 | EML3A15 LV Vmon
115,ATLMDTPS2:CAEN/PSMDT02/branchController02/easyCrate0/easyBoard01/channel000.actual.vMon,MDT PS BA BML1A07 | BML1A09 LV Vmon
116,ATLMDTPS2:CAEN/PSMDT02/branchController06/easyCrate1/easyBoard05/channel001.actual.vMon,MDT PS BC BML5C15 | BML6C15 LV Vmon
117,ATLMDTPS2:CAEN/PSMDT02/branchController05/easyCrate1/easyBoard13/channel002.actual.vMon,MDT PS BA BOL1A03 | BOL2A03 LV Vmon
118,ATLMDTPS2:CAEN/PSMDT02/branchController05/easyCrate0/easyBoard17/channel002.actual.vMon,MDT PS BA BOS5A02 | BOS6A02 LV Vmon
119,ATLMDTPS2:CAEN/PSMDT02/branchController02/easyCrate2/easyBoard09/channel003.actual.vMon,MDT PS BC BMF3C12 | BMF3C14 LV Vmon
120,ATLMDTPS3:CAEN/PSMDT01/branchController12/easyCrate2/easyBoard17/channel002.actual.vMon,MDT PS EA BEE1A10 | BEE1A12 | BEE2A10 | BEE2A12 LV Vmon
121,ATLMDTPS2:CAEN/PSMDT02/branchController06/easyCrate3/easyBoard17/channel003.actual.vMon,MDT PS BC BMS2C04 | BMS3C04 LV Vmon
122,ATLMDTPS3:CAEN/PSMDT01/branchController14/easyCrate3/easyBoard01/channel000.actual.vMon,MDT PS EA EML1A01 | EML1A03 LV Vmon
123,ATLMDTPS3:CAEN/PSMDT01/branchController11/easyCrate3/easyBoard05/channel000.actual.vMon,MDT PS EC EOS1C04 | EOS3C02 LV Vmon
124,ATLMDTPS2:CAEN/PSMDT02/branchController01/easyCrate3/easyBoard05/channel000.actual.vMon,MDT PS BC BOL4C07 | BOL5C07 LV Vmon
125,ATLMDTPS3:CAEN/PSMDT01/branchController10/easyCrate4/easyBoard09/channel000.actual.vMon,MDT PS EA EOL3A07 | EOL4A07 LV Vmon
126,ATLMDTPS3:CAEN/PSMDT01/branchController14/easyCrate4/easyBoard05/channel000.actual.vMon,MDT PS EA EMS3A06 | EMS4A06 LV Vmon
127,ATLMDTPS2:CAEN/PSMDT02/branchController04/easyCrate2/easyBoard09/channel000.actual.vMon,MDT PS BA BMG2A14 | BMG4A14 LV Vmon
128,ATLMDTPS2:CAEN/PSMDT02/branchController06/easyCrate3/easyBoard01/channel002.actual.vMon,MDT PS BA BML4A03 | BML5A03 LV Vmon
129,ATLMDTPS2:CAEN/PSMDT02/branchController06/easyCrate3/easyBoard13/channel003.actual.vMon,MDT PS BC BML1C05 | BML6C05 LV Vmon
130,ATLMDTPS2:CAEN/PSMDT02/branchController07/easyCrate1/easyBoard09/channel002.actual.vMon,MDT PS BA BIL5A13 | BIL6A13 LV Vmon
131,ATLMDTPS2:CAEN/PSMDT02/branchController01/easyCrate3/easyBoard05/channel002.actual.vMon,MDT PS BC BOS5C08 | BOS6C08 LV Vmon
132,ATLMDTPS3:CAEN/PSMDT01/branchController10/easyCrate4/easyBoard05/channel003.actual.vMon,MDT PS EA EOL1A07 | EOL2A07 LV Vmon
133,ATLMDTPS3:CAEN/PSMDT01/branchController14/easyCrate2/easyBoard05/channel003.actual.vMon,MDT PS EA EML4A15 | EML5A15 LV Vmon
134,ATLMDTPS3:CAEN/PSMDT01/branchController15/easyCrate2/easyBoard01/channel003.actual.vMon,MDT PS EC EMS1C14 | EMS2C14 LV Vmon
135,ATLMDTPS2:CAEN/PSMDT02/branchController05/easyCrate0/easyBoard13/channel001.actual.vMon,MDT PS BA BOL3A01 | BOL4A01 LV Vmon
136,ATLMDTPS3:CAEN/PSMDT01/branchController13/easyCrate2/easyBoard01/channel001.actual.vMon,MDT PS EC EIL4C05 | EIL4C07 | EIS2C06 | EIS2C08 LV Vmon
137,ATLMDTPS3:CAEN/PSMDT01/branchController12/easyCrate2/easyBoard13/channel000.actual.vMon,MDT PS EA EES1A08 | EES2A08 LV Vmon
138,ATLMDTPS2:CAEN/PSMDT02/branchController03/easyCrate2/easyBoard05/channel004.actual.vMon,MDT PS BC BIS3C08 | BIS4C08 LV Vmon
139,ATLMDTPS2:CAEN/PSMDT02/branchController03/easyCrate2/easyBoard13/channel004.actual.vMon,MDT PS BC BIR3C11 | BIR6C11 LV Vmon
140,ATLMDTPS2:CAEN/PSMDT02/branchController07/easyCrate2/easyBoard05/channel005.actual.vMon,MDT PS BC BIS5C04 | BIS6C04 LV Vmon
141,ATLMDTPS2:CAEN/PSMDT02/branchController05/easyCrate0/easyBoard17/channel001.actual.vMon,MDT PS BA BOS3A02 | BOS4A02 LV Vmon
142,ATLMDTPS3:CAEN/PSMDT01/branchController15/easyCrate0/easyBoard01/channel003.actual.vMon,MDT PS EC EMS1C10 | EMS2C10 LV Vmon
143,ATLMDTPS2:CAEN/PSMDT02/branchController05/easyCrate1/easyBoard17/channel002.actual.vMon,MDT PS BA BOS5A04 | BOS6A04 LV Vmon
144,ATLMDTPS2:CAEN/PSMDT02/branchController03/easyCrate0/easyBoard09/channel003.actual.vMon,MDT PS BA BIS1A10 | BIS2A10 LV Vmon
145,ATLMDTPS3:CAEN/PSMDT01/branchController11/easyCrate0/easyBoard05/channel001.actual.vMon,MDT PS EC EOS4C10 | EOS5C10 LV Vmon
146,ATLMDTPS2:CAEN/PSMDT02/branchController04/easyCrate3/easyBoard01/channel000.actual.vMon,MDT PS BC BOF1C14 | BOL1C13 LV Vmon
147,ATLMDTPS2:CAEN/PSMDT02/branchController02/easyCrate1/easyBoard17/channel002.actual.vMon,MDT PS BC BMS2C10 | BMS3C10 LV Vmon
148,ATLMDTPS2:CAEN/PSMDT02/branchController07/easyCrate1/easyBoard13/channel003.actual.vMon,MDT PS BA BIR1A15 | BIR2A15 LV Vmon
149,ATLMDTPS3:CAEN/PSMDT01/branchController11/easyCrate0/easyBoard01/channel001.actual.vMon,MDT PS EC EOL3C09 | EOL4C09 LV Vmon
150,ATLMDTPS3:CAEN/PSMDT01/branchController15/easyCrate2/easyBoard01/channel000.actual.vMon,MDT PS EC EML1C13 | EML1C15 LV Vmon
151,ATLMDTPS2:CAEN/PSMDT02/branchController07/easyCrate1/easyBoard13/channel000.actual.vMon,MDT PS BA BIM1A15 | BIM2A15 LV Vmon
152,ATLMDTPS2:CAEN/PSMDT02/branchController06/easyCrate2/easyBoard17/channel001.actual.vMon,MDT PS BC BMS5C04 | BMS5C06 LV Vmon
153,ATLMDTPS3:CAEN/PSMDT01/branchController11/easyCrate0/easyBoard01/channel002.actual.vMon,MDT PS EC EOL5C09 | EOL6C09 LV Vmon
154,ATLMDTPS3:CAEN/PSMDT01/branchController15/easyCrate2/easyBoard05/channel000.actual.vMon,MDT PS EC EMS3C14 | EMS4C14 LV Vmon
155,ATLMDTPS2:CAEN/PSMDT02/branchController04/easyCrate1/easyBoard17/channel000.actual.vMon,MDT PS BA BOL6A15 | BOS6A16 LV Vmon
156,ATLMDTPS3:CAEN/PSMDT01/branchController12/easyCrate2/easyBoard05/channel003.actual.vMon,MDT PS EA EEL1A07 | EEL2A07 LV Vmon
157,ATLMDTPS3:CAEN/PSMDT01/branchController11/easyCrate0/easyBoard05/channel003.actual.vMon,MDT PS EC EOL1C11 | EOL2C11 LV Vmon
158,ATLMDTPS2:CAEN/PSMDT02/branchController02/easyCrate2/easyBoard09/channel001.actual.vMon,MDT PS BC BMF1C12 | BMF1C14 LV Vmon
159,ATLMDTPS2:CAEN/PSMDT02/branchController01/easyCrate2/easyBoard01/channel000.actual.vMon,MDT PS BC BOL1C05 | BOL2C05 LV Vmon
160,ATLMDTPS2:CAEN/PSMDT02/branchController06/easyCrate3/easyBoard01/channel003.actual.vMon,MDT PS BC BML1C03 | BML6C03 LV Vmon
161,ATLMDTPS2:CAEN/PSMDT02/branchController06/easyCrate3/easyBoard09/channel000.actual.vMon,MDT PS BA BMS4A04 | BMS6A04 LV Vmon
162,ATLMDTPS3:CAEN/PSMDT02/branchController07/easyCrate1/easyBoard17/channel003.actual.vMon,MDT PS EA BIS7A14 | BIS7A16 | BIS8A14 | BIS8A16 LV Vmon
163,ATLMDTPS3:CAEN/PSMDT01/branchController14/easyCrate4/easyBoard01/channel000.actual.vMon,MDT PS EA EML1A05 | EML1A07 LV Vmon
164,ATLMDTPS3:CAEN/PSMDT01/branchController15/easyCrate2/easyBoard09/channel001.actual.vMon,MDT PS EC EMS2C16 | EMS3C16 LV Vmon
165,ATLMDTPS2:CAEN/PSMDT02/branchController06/easyCrate3/easyBoard05/channel001.actual.vMon,MDT PS BC BML4C03 | BML5C03 LV Vmon
166,ATLMDTPS3:CAEN/PSMDT01/branchController11/easyCrate1/easyBoard09/channel002.actual.vMon,MDT PS EC EOS3C16 | EOS4C16 LV Vmon
167,ATLMDTPS2:CAEN/PSMDT02/branchController06/easyCrate3/easyBoard13/channel002.actual.vMon,MDT PS BA BML4A05 | BML5A05 LV Vmon
168,ATLMDTPS3:CAEN/PSMDT01/branchController10/easyCrate4/easyBoard01/channel001.actual.vMon,MDT PS EA EOL3A05 | EOL4A05 LV Vmon
169,ATLMDTPS2:CAEN/PSMDT02/branchController07/easyCrate1/easyBoard09/channel001.actual.vMon,MDT PS BA BIL3A13 | BIL4A13 LV Vmon
170,ATLMDTPS2:CAEN/PSMDT02/branchController07/easyCrate1/easyBoard13/channel001.actual.vMon,MDT PS BA BIM3A15 | BIM4A15 LV Vmon
171,ATLMDTPS3:CAEN/PSMDT01/branchController10/easyCrate1/easyBoard09/channel002.actual.vMon,MDT PS EA EOS2A16 | EOS3A16 LV Vmon
172,ATLMDTPS3:CAEN/PSMDT01/branchController14/easyCrate3/easyBoard09/channel000.actual.vMon,MDT PS EA EMS2A04 | EMS3A04 LV Vmon
173,ATLMDTPS3:CAEN/PSMDT01/branchController15/easyCrate2/easyBoard01/channel001.actual.vMon,MDT PS EC EML2C13 | EML3C13 LV Vmon
174,ATLMDTPS2:CAEN/PSMDT02/branchController06/easyCrate1/easyBoard17/channel000.actual.vMon,MDT PS BC BML2C01 | BML3C01 LV Vmon
175,ATLMDTPS3:CAEN/PSMDT02/branchController07/easyCrate1/easyBoard17/channel004.actual.vMon,MDT PS spare channel of LV board: 07 1 17 Vmon
176,ATLMDTPS2:CAEN/PSMDT02/branchController05/easyCrate1/easyBoard13/channel002.actual.vMon,MDT PS BA BOL5A03 | BOL6A03 LV Vmon
177,ATLMDTPS2:CAEN/PSMDT02/branchController05/easyCrate1/easyBoard17/channel000.actual.vMon,MDT PS BA BOS1A04 | BOS2A04 LV Vmon
178,ATLMDTPS2:CAEN/PSMDT02/branchController04/easyCrate3/easyBoard05/channel003.actual.vMon,MDT PS BC BOG8C14 LV Vmon
179,ATLMDTPS2:CAEN/PSMDT02/branchController05/easyCrate2/easyBoard01/channel000.actual.vMon,MDT PS BC BOL1C03 | BOL3C03 LV Vmon
180,ATLMDTPS3:CAEN/PSMDT01/branchController15/easyCrate4/easyBoard05/channel003.actual.vMon,MDT PS EC EML4C07 | EML5C07 LV Vmon
181,ATLMDTPS3:CAEN/PSMDT02/branchController03/easyCrate0/easyBoard17/channel004.actual.vMon,MDT PS EA BIS7A08 | BIS8A08 LV Vmon
182,ATLMDTPS2:CAEN/PSMDT02/branchController02/easyCrate2/easyBoard17/channel002.actual.vMon,MDT PS BA BME4A13 | BME5A13 LV Vmon
183,ATLMDTPS3:CAEN/PSMDT01/branchController10/easyCrate1/easyBoard09/channel003.actual.vMon,MDT PS EA EOS4A16 | EOS5A16 LV Vmon
184,ATLMDTPS2:CAEN/PSMDT02/branchController05/easyCrate3/easyBoard09/channel001.actual.vMon,MDT PS BC BOS3C02 | BOS4C02 LV Vmon
185,ATLMDTPS2:CAEN/PSMDT02/branchController04/easyCrate3/easyBoard05/channel002.actual.vMon,MDT PS BC BOF7C14 LV Vmon
186,ATLMDTPS2:CAEN/PSMDT02/branchController00/easyCrate0/easyBoard17/channel000.actual.vMon,MDT PS BA BOL6A09 | BOS6A10 LV Vmon
187,ATLMDTPS3:CAEN/PSMDT01/branchController10/easyCrate1/easyBoard01/channel001.actual.vMon,MDT PS EA EOL3A13 | EOL4A13 LV Vmon
188,ATLMDTPS3:CAEN/PSMDT01/branchController15/easyCrate4/easyBoard05/channel001.actual.vMon,MDT PS EC EMS1C08 | EMS5C06 LV Vmon
189,ATLMDTPS2:CAEN/PSMDT02/branchController03/easyCrate0/easyBoard05/channel002.actual.vMon,MDT PS BA BIL5A07 | BIL6A07 LV Vmon
190,ATLMDTPS2:CAEN/PSMDT02/branchController03/easyCrate0/easyBoard01/channel002.actual.vMon,MDT PS BA BIL5A05 | BIL6A05 LV Vmon
191,ATLMDTPS2:CAEN/PSMDT02/branchController06/easyCrate3/easyBoard09/channel003.actual.vMon,MDT PS BA BMS4A06 | BMS6A06 LV Vmon
192,ATLMDTPS2:CAEN/PSMDT02/branchController02/easyCrate0/easyBoard01/channel002.actual.vMon,MDT PS BA BML4A07 | BML5A07 LV Vmon
193,ATLMDTPS3:CAEN/PSMDT02/branchController04/easyCrate2/easyBoard13/channel002.actual.vMon,MDT PS EA BIS7A02 LV Vmon
194,ATLMDTPS2:CAEN/PSMDT02/branchController07/easyCrate1/easyBoard05/channel002.actual.vMon,MDT PS BA BIL5A03 | BIL6A03 LV Vmon
195,ATLMDTPS2:CAEN/PSMDT02/branchController00/easyCrate1/easyBoard13/channel001.actual.vMon,MDT PS BA BOF1A12 | BOL2A11 LV Vmon
196,ATLMDTPS3:CAEN/PSMDT01/branchController10/easyCrate1/easyBoard09/channel001.actual.vMon,MDT PS EA EOL5A15 | EOL6A15 LV Vmon
197,ATLMDTPS2:CAEN/PSMDT02/branchController07/easyCrate1/easyBoard01/channel001.actual.vMon,MDT PS BA BIL3A01 | BIL4A01 LV Vmon
198,ATLMDTPS2:CAEN/PSMDT02/branchController05/easyCrate2/easyBoard01/channel002.actual.vMon,MDT PS BC BOL1C03 | BOL3C03 LV Vmon
199,ATLMDTPS2:CAEN/PSMDT02/branchController03/easyCrate2/easyBoard05/channel003.actual.vMon,MDT PS BC BIS1C08 | BIS2C08 LV Vmon
200,ATLMDTPS2:CAEN/PSMDT02/branchController03/easyCrate0/easyBoard01/channel005.actual.vMon,MDT PS BA BIS5A06 | BIS6A06 LV Vmon
201,ATLMDTPS2:CAEN/PSMDT02/branchController07/easyCrate2/easyBoard01/channel002.actual.vMon,MDT PS BC BIL5C01 | BIL6C01 LV Vmon
202,ATLMDTPS2:CAEN/PSMDT02/branchController00/easyCrate2/easyBoard05/channel002.actual.vMon,MDT PS BC BOF7C12 | BOG8C12 LV Vmon
203,ATLMDTPS2:CAEN/PSMDT02/branchController07/easyCrate1/easyBoard01/channel000.actual.vMon,MDT PS BA BIL1A01 | BIL2A01 LV Vmon
204,ATLMDTPS3:CAEN/PSMDT01/branchController14/easyCrate2/easyBoard05/channel000.actual.vMon,MDT PS EA EMS3A14 | EMS4A14 LV Vmon
205,ATLMDTPS2:CAEN/PSMDT02/branchController00/easyCrate3/easyBoard13/channel000.actual.vMon,MDT PS BC BOL1C09 | BOL3C09 LV Vmon
206,ATLMDTPS2:CAEN/PSMDT02/branchController00/easyCrate1/easyBoard13/channel002.actual.vMon,MDT PS BA BOL4A11 | BOL5A11 LV Vmon
207,ATLMDTPS3:CAEN/PSMDT01/branchController11/easyCrate4/easyBoard01/channel003.actual.vMon,MDT PS EC EOS1C06 | EOS2C06 LV Vmon
208,ATLMDTPS2:CAEN/PSMDT02/branchController01/easyCrate1/easyBoard13/channel000.actual.vMon,MDT PS BA BOL1A07 | BOS1A08 LV Vmon
209,ATLMDTPS3:CAEN/PSMDT01/branchController10/easyCrate4/easyBoard01/channel003.actual.vMon,MDT PS EA EOS1A06 | EOS2A06 LV Vmon
210,ATLMDTPS3:CAEN/PSMDT01/branchController12/easyCrate2/easyBoard01/channel003.actual.vMon,MDT PS EA EIL4A13 | EIL4A15 LV Vmon
211,ATLMDTPS3:CAEN/PSMDT01/branchController13/easyCrate2/easyBoard09/channel003.actual.vMon,MDT PS EC EES1C04 | EES2C04 LV Vmon
212,ATLMDTPS3:CAEN/PSMDT01/branchController13/easyCrate2/easyBoard13/channel001.actual.vMon,MDT PS EC EES1C10 | EES2C10 LV Vmon
213,ATLMDTPS2:CAEN/PSMDT02/branchController06/easyCrate3/easyBoard05/channel003.actual.vMon,MDT PS BA BMS2A04 | BMS3A04 LV Vmon
214,ATLMDTPS3:CAEN/PSMDT01/branchController11/easyCrate4/easyBoard05/channel002.actual.vMon,MDT PS EC EOS6C06 | EOS6C08 LV Vmon
215,ATLMDTPS2:CAEN/PSMDT02/branchController04/easyCrate0/easyBoard17/channel002.actual.vMon,MDT PS BA BOF5A14 LV Vmon
216,ATLMDTPS3:CAEN/PSMDT02/branchController03/easyCrate0/easyBoard17/channel005.actual.vMon,MDT PS EA BIS7A10 | BIS7A12 | BIS8A10 | BIS8A12 LV Vmon
217,ATLMDTPS3:CAEN/PSMDT01/branchController15/easyCrate4/easyBoard01/channel000.actual.vMon,MDT PS EC EML1C05 | EML1C07 LV Vmon
218,ATLMDTPS3:CAEN/PSMDT01/branchController15/easyCrate4/easyBoard05/channel002.actual.vMon,MDT PS EC EML2C07 | EML3C07 LV Vmon
219,ATLMDTPS3:CAEN/PSMDT01/branchController14/easyCrate0/easyBoard01/channel003.actual.vMon,MDT PS EA EMS1A10 | EMS2A10 LV Vmon
220,ATLMDTPS3:CAEN/PSMDT01/branchController13/easyCrate2/easyBoard17/channel003.actual.vMon,MDT PS EC EEL1C07 | EEL2C07 LV Vmon
221,ATLMDTPS2:CAEN/PSMDT02/branchController00/easyCrate1/easyBoard17/channel002.actual.vMon,MDT PS BA BOG4A12 | BOG6A12 LV Vmon
222,ATLMDTPS2:CAEN/PSMDT02/branchController04/easyCrate0/easyBoard13/channel001.actual.vMon,MDT PS BA BOL3A13 | BOL6A13 LV Vmon
223,ATLMDTPS3:CAEN/PSMDT01/branchController13/easyCrate2/easyBoard05/channel000.actual.vMon,MDT PS EC BEE1C02 | BEE1C04 | BEE2C02 | BEE2C04 LV Vmon
224,ATLMDTPS2:CAEN/PSMDT02/branchController03/easyCrate2/easyBoard13/channel003.actual.vMon,MDT PS BC BIR1C11 | BIR2C11 LV Vmon
225,ATLMDTPS2:CAEN/PSMDT02/branchController03/easyCrate2/easyBoard09/channel001.actual.vMon,MDT PS BC BIL3C09 | BIL4C09 LV Vmon
226,ATLMDTPS2:CAEN/PSMDT02/branchController06/easyCrate3/easyBoard01/channel000.actual.vMon,MDT PS BA BML1A03 | BML2A03 LV Vmon
227,ATLMDTPS3:CAEN/PSMDT01/branchController15/easyCrate4/easyBoard01/channel001.actual.vMon,MDT PS EC EML2C05 | EML3C05 LV Vmon
228,ATLMDTPS3:CAEN/PSMDT01/branchController10/easyCrate3/easyBoard05/channel003.actual.vMon,MDT PS EA EOL1A03 | EOL2A03 LV Vmon
229,ATLMDTPS2:CAEN/PSMDT02/branchController00/easyCrate2/easyBoard05/channel001.actual.vMon,MDT PS BC BOF5C12 | BOG6C12 LV Vmon
230,ATLMDTPS3:CAEN/PSMDT01/branchController13/easyCrate2/easyBoard17/channel002.actual.vMon,MDT PS EC EEL2C05 LV Vmon
231,ATLMDTPS2:CAEN/PSMDT02/branchController03/easyCrate0/easyBoard13/channel001.actual.vMon,MDT PS BA BIM3A11 | BIM4A11 LV Vmon
232,ATLMDTPS2:CAEN/PSMDT02/branchController03/easyCrate0/easyBoard13/channel005.actual.vMon,MDT PS BA BIR4A11 | BIR5A11 LV Vmon
233,ATLMDTPS2:CAEN/PSMDT02/branchController03/easyCrate2/easyBoard01/channel002.actual.vMon,MDT PS BC BIL5C05 | BIL6C05 LV Vmon
234,ATLMDTPS3:CAEN/PSMDT01/branchController11/easyCrate4/easyBoard05/channel003.actual.vMon,MDT PS EC EOL1C07 | EOL2C07 LV Vmon
235,ATLMDTPS2:CAEN/PSMDT02/branchController07/easyCrate1/easyBoard13/channel002.actual.vMon,MDT PS BA BIM5A15 LV Vmon
236,ATLMDTPS2:CAEN/PSMDT02/branchController06/easyCrate0/easyBoard17/channel001.actual.vMon,MDT PS BA BMS5A02 | BMS5A16 LV Vmon
237,ATLMDTPS2:CAEN/PSMDT02/branchController06/easyCrate1/easyBoard05/channel000.actual.vMon,MDT PS BC BML2C15 | BML3C15 LV Vmon
238,ATLMDTPS3:CAEN/PSMDT01/branchController10/easyCrate3/easyBoard01/channel002.actual.vMon,MDT PS EA EOL5A01 | EOL6A01 LV Vmon
239,ATLMDTPS3:CAEN/PSMDT01/branchController10/easyCrate0/easyBoard05/channel002.actual.vMon,MDT PS EA EOS6A10 | EOS6A12 LV Vmon
240,ATLMDTPS2:CAEN/PSMDT02/branchController04/easyCrate0/easyBoard13/channel000.actual.vMon,MDT PS BA BOL1A13 | BOL2A13 LV Vmon
241,ATLMDTPS2:CAEN/PSMDT02/branchController03/easyCrate0/easyBoard01/channel004.actual.vMon,MDT PS BA BIS3A06 | BIS4A06 LV Vmon
242,ATLMDTPS2:CAEN/PSMDT02/branchController06/easyCrate3/easyBoard09/channel002.actual.vMon,MDT PS BA BMS2A06 | BMS3A06 LV Vmon
243,ATLMDTPS2:CAEN/PSMDT02/branchController07/easyCrate2/easyBoard09/channel001.actual.vMon,MDT PS BC BIL3C13 | BIL4C13 LV Vmon
244,ATLMDTPS2:CAEN/PSMDT02/branchController01/easyCrate1/easyBoard17/channel002.actual.vMon,MDT PS BA BOS5A08 | BOS6A08 LV Vmon
245,ATLMDTPS2:CAEN/PSMDT02/branchController03/easyCrate2/easyBoard13/channel005.actual.vMon,MDT PS BC BIR4C11 | BIR5C11 LV Vmon
246,ATLMDTPS2:CAEN/PSMDT02/branchController04/easyCrate3/easyBoard13/channel000.actual.vMon,MDT PS BA BMR4A13 LV Vmon
247,ATLMDTPS3:CAEN/PSMDT01/branchController11/easyCrate3/easyBoard09/channel003.actual.vMon,MDT PS EC EOS4C04 | EOS5C04 LV Vmon
248,ATLMDTPS3:CAEN/PSMDT01/branchController11/easyCrate4/easyBoard05/channel001.actual.vMon,MDT PS EC EOS4C06 | EOS5C06 LV Vmon
249,ATLMDTPS3:CAEN/PSMDT01/branchController12/easyCrate2/easyBoard13/channel001.actual.vMon,MDT PS EA EES1A10 | EES2A10 LV Vmon
250,ATLMDTPS2:CAEN/PSMDT02/branchController06/easyCrate1/easyBoard05/channel003.actual.vMon,MDT PS BA BMS2A16 | BMS3A16 LV Vmon
251,ATLMDTPS3:CAEN/PSMDT01/branchController11/easyCrate3/easyBoard05/channel002.actual.vMon,MDT PS EC EOS6C02 | EOS6C04 LV Vmon
252,ATLMDTPS3:CAEN/PSMDT01/branchController11/easyCrate0/easyBoard05/channel002.actual.vMon,MDT PS EC EOS6C10 | EOS6C12 LV Vmon
253,ATLMDTPS2:CAEN/PSMDT02/branchController02/easyCrate0/easyBoard13/channel003.actual.vMon,MDT PS BA BMS5A08 | BMS5A10 LV Vmon
254,ATLMDTPS3:CAEN/PSMDT01/branchController13/easyCrate2/easyBoard17/channel001.actual.vMon,MDT PS EC EEL1C03 | EEL2C03 LV Vmon
255,ATLMDTPS3:CAEN/PSMDT01/branchController10/easyCrate4/easyBoard09/channel003.actual.vMon,MDT PS EA EOS4A08 | EOS5A08 LV Vmon
256,ATLMDTPS2:CAEN/PSMDT02/branchController02/easyCrate0/easyBoard05/channel002.actual.vMon,MDT PS BC BML4C07 | BML5C07 LV Vmon
257,ATLMDTPS2:CAEN/PSMDT02/branchController04/easyCrate1/easyBoard17/channel001.actual.vMon,MDT PS BA BOS1A16 | BOS3A16 LV Vmon
258,ATLMDTPS2:CAEN/PSMDT02/branchController06/easyCrate2/easyBoard17/channel000.actual.vMon,MDT PS BC BMS4C04 | BMS6C04 LV Vmon
259,ATLMDTPS2:CAEN/PSMDT02/branchController06/easyCrate1/easyBoard01/channel000.actual.vMon,MDT PS BA BML1A15 | BML4A15 LV Vmon
260,ATLMDTPS3:CAEN/PSMDT01/branchController12/easyCrate2/easyBoard05/channel004.actual.vMon,MDT PS EA EES1A06 | EES2A06 LV Vmon
261,ATLMDTPS2:CAEN/PSMDT02/branchController03/easyCrate2/easyBoard05/channel001.actual.vMon,MDT PS BC BIL3C07 | BIL4C07 LV Vmon
262,ATLMDTPS2:CAEN/PSMDT02/branchController07/easyCrate2/easyBoard05/channel000.actual.vMon,MDT PS BC BIL1C03 | BIL2C03 LV Vmon
263,ATLMDTPS2:CAEN/PSMDT02/branchController07/easyCrate2/easyBoard13/channel004.actual.vMon,MDT PS BC BIR3C15 | BIR6C15 LV Vmon
264,ATLMDTPS2:CAEN/PSMDT02/branchController02/easyCrate0/easyBoard17/channel002.actual.vMon,MDT PS BA BMS2A10 | BMS3A10 LV Vmon
265,ATLMDTPS2:CAEN/PSMDT02/branchController04/easyCrate2/easyBoard09/channel003.actual.vMon,MDT PS BC BMG6C14 LV Vmon
266,ATLMDTPS2:CAEN/PSMDT02/branchController03/easyCrate2/easyBoard09/channel000.actual.vMon,MDT PS BC BIL1C09 | BIL2C09 LV Vmon
267,ATLMDTPS2:CAEN/PSMDT02/branchController03/easyCrate2/easyBoard09/channel005.actual.vMon,MDT PS BC BIS5C10 | BIS6C10 LV Vmon
268,ATLMDTPS2:CAEN/PSMDT02/branchController02/easyCrate2/easyBoard01/channel000.actual.vMon,MDT PS BA BML1A11 | BML6A11 LV Vmon
269,ATLMDTPS2:CAEN/PSMDT02/branchController02/easyCrate0/easyBoard09/channel003.actual.vMon,MDT PS BA BMS2A08 | BMS3A08 LV Vmon
270,ATLMDTPS3:CAEN/PSMDT01/branchController12/easyCrate2/easyBoard05/channel000.actual.vMon,MDT PS EA EEL1A01 | EEL2A01 LV Vmon
271,ATLMDTPS2:CAEN/PSMDT02/branchController03/easyCrate0/easyBoard13/channel004.actual.vMon,MDT PS BA BIR3A11 | BIR4A11 LV Vmon
272,ATLMDTPS2:CAEN/PSMDT02/branchController00/easyCrate2/easyBoard09/channel003.actual.vMon,MDT PS BC BMG6C12 LV Vmon
273,ATLMDTPS2:CAEN/PSMDT02/branchController07/easyCrate1/easyBoard09/channel003.actual.vMon,MDT PS BA BIS1A14 | BIS2A14 LV Vmon
274,ATLMDTPS3:CAEN/PSMDT01/branchController10/easyCrate4/easyBoard05/channel001.actual.vMon,MDT PS EA EOS4A06 | EOS5A06 LV Vmon
275,ATLMDTPS2:CAEN/PSMDT02/branchController03/easyCrate2/easyBoard05/channel002.actual.vMon,MDT PS BC BIL5C07 | BIL6C07 LV Vmon
276,ATLMDTPS2:CAEN/PSMDT02/branchController07/easyCrate2/easyBoard01/channel005.actual.vMon,MDT PS BC BIS5C02 | BIS6C02 LV Vmon
277,ATLMDTPS3:CAEN/PSMDT01/branchController10/easyCrate1/easyBoard05/channel001.actual.vMon,MDT PS EA EOS1A14 | EOS5A14 LV Vmon
278,ATLMDTPS2:CAEN/PSMDT02/branchController05/easyCrate0/easyBoard13/channel000.actual.vMon,MDT PS BA BOL1A01 | BOL2A01 LV Vmon
279,ATLMDTPS3:CAEN/PSMDT01/branchController11/easyCrate3/easyBoard09/channel000.actual.vMon,MDT PS EC EOL3C03 | EOL4C03 LV Vmon
280,ATLMDTPS2:CAEN/PSMDT02/branchController03/easyCrate0/easyBoard05/channel001.actual.vMon,MDT PS BA BIL3A07 | BIL4A07 LV Vmon
281,ATLMDTPS2:CAEN/PSMDT02/branchController07/easyCrate2/easyBoard09/channel005.actual.vMon,MDT PS BC BIS5C14 | BIS6C14 LV Vmon
282,ATLMDTPS2:CAEN/PSMDT02/branchController00/easyCrate0/easyBoard17/channel002.actual.vMon,MDT PS BA BOS4A10 | BOS5A10 LV Vmon
283,ATLMDTPS3:CAEN/PSMDT01/branchController11/easyCrate3/easyBoard01/channel003.actual.vMon,MDT PS EC EOS1C02 | EOS2C02 LV Vmon
284,ATLMDTPS3:CAEN/PSMDT02/branchController03/easyCrate2/easyBoard17/channel005.actual.vMon,MDT PS EC BIS7C10 | BIS7C12 | BIS8C10 | BIS8C12 LV Vmon
285,ATLMDTPS3:CAEN/PSMDT01/branchController14/easyCrate4/easyBoard05/channel002.actual.vMon,MDT PS EA EML2A07 | EML3A07 LV Vmon
286,ATLMDTPS3:CAEN/PSMDT01/branchController12/easyCrate2/easyBoard05/channel001.actual.vMon,MDT PS EA EEL1A15 | EEL2A15 LV Vmon
287,ATLMDTPS2:CAEN/PSMDT02/branchController06/easyCrate2/easyBoard17/channel003.actual.vMon,MDT PS BC BMS4C06 | BMS6C06 LV Vmon
288,ATLMDTPS2:CAEN/PSMDT02/branchController07/easyCrate2/easyBoard05/channel002.actual.vMon,MDT PS BC BIL5C03 | BIL6C03 LV Vmon
289,ATLMDTPS2:CAEN/PSMDT02/branchController03/easyCrate2/easyBoard05/channel005.actual.vMon,MDT PS BC BIS5C08 | BIS6C08 LV Vmon
290,ATLMDTPS3:CAEN/PSMDT01/branchController10/easyCrate4/easyBoard05/channel002.actual.vMon,MDT PS EA EOS6A06 | EOS6A08 LV Vmon
291,ATLMDTPS3:CAEN/PSMDT01/branchController15/easyCrate0/easyBoard05/channel001.actual.vMon,MDT PS EC EMS1C12 | EMS5C10 LV Vmon
292,ATLMDTPS2:CAEN/PSMDT02/branchController04/easyCrate2/easyBoard05/channel000.actual.vMon,MDT PS BC BOL6C15 | BOS6C16 LV Vmon
293,ATLMDTPS3:CAEN/PSMDT02/branchController03/easyCrate0/easyBoard17/channel003.actual.vMon,MDT PS EA BIS7A08 LV Vmon
294,ATLMDTPS2:CAEN/PSMDT02/branchController06/easyCrate3/easyBoard17/channel002.actual.vMon,MDT PS BC BMS1C04 | BMS1C06 LV Vmon
295,ATLMDTPS2:CAEN/PSMDT02/branchController06/easyCrate1/easyBoard13/channel002.actual.vMon,MDT PS BA BML4A01 | BML5A01 LV Vmon
296,ATLMDTPS3:CAEN/PSMDT01/branchController14/easyCrate0/easyBoard01/channel002.actual.vMon,MDT PS EA EML4A09 | EML5A09 LV Vmon
297,ATLMDTPS2:CAEN/PSMDT02/branchController02/easyCrate0/easyBoard01/channel001.actual.vMon,MDT PS BA BML2A07 | BML3A07 LV Vmon
298,ATLMDTPS3:CAEN/PSMDT01/branchController12/easyCrate2/easyBoard09/channel004.actual.vMon,MDT PS EA EEL1A09 | EEL2A09 LV Vmon
299,ATLMDTPS3:CAEN/PSMDT01/branchController12/easyCrate2/easyBoard13/channel002.actual.vMon,MDT PS EA EES1A12 | EES2A12 LV Vmon
300,ATLMDTPS3:CAEN/PSMDT01/branchController15/easyCrate3/easyBoard05/channel000.actual.vMon,MDT PS EC EMS3C02 | EMS4C02 LV Vmon
301,ATLMDTPS3:CAEN/PSMDT01/branchController12/easyCrate2/easyBoard09/channel005.actual.vMon,MDT PS EA EEL1A11 | EEL2A05 | EEL2A11 LV Vmon
302,ATLMDTPS2:CAEN/PSMDT02/branchController05/easyCrate2/easyBoard01/channel001.actual.vMon,MDT PS BC BOL3C03 | BOL4C03 LV Vmon
303,ATLMDTPS3:CAEN/PSMDT01/branchController15/easyCrate2/easyBoard05/channel001.actual.vMon,MDT PS EC EMS1C16 | EMS5C14 LV Vmon
304,ATLMDTPS2:CAEN/PSMDT02/branchController06/easyCrate1/easyBoard01/channel003.actual.vMon,MDT PS BC BML1C15 | BML4C15 LV Vmon
305,ATLMDTPS3:CAEN/PSMDT01/branchController11/easyCrate4/easyBoard09/channel001.actual.vMon,MDT PS EC EOL5C07 | EOL6C07 LV Vmon
306,ATLMDTPS3:CAEN/PSMDT01/branchController15/easyCrate0/easyBoard01/channel002.actual.vMon,MDT PS EC EML4C09 | EML5C09 LV Vmon
307,ATLMDTPS2:CAEN/PSMDT02/branchController02/easyCrate2/easyBoard01/channel003.actual.vMon,MDT PS BC BML1C11 | BML6C11 LV Vmon
308,ATLMDTPS2:CAEN/PSMDT02/branchController00/easyCrate2/easyBoard09/channel001.actual.vMon,MDT PS BA BMG6A12 LV Vmon
309,ATLMDTPS3:CAEN/PSMDT01/branchController13/easyCrate2/easyBoard13/channel002.actual.vMon,MDT PS EC EES1C12 | EES2C12 LV Vmon
310,ATLMDTPS3:CAEN/PSMDT01/branchController10/easyCrate3/easyBoard01/channel003.actual.vMon,MDT PS EA EOS1A02 | EOS2A02 LV Vmon
311,ATLMDTPS3:CAEN/PSMDT01/branchController10/easyCrate1/easyBoard01/channel002.actual.vMon,MDT PS EA EOL5A13 | EOL6A13 LV Vmon
312,ATLMDTPS3:CAEN/PSMDT01/branchController12/easyCrate2/easyBoard01/channel002.actual.vMon,MDT PS EA EIL4A09 | EIL4A11 LV Vmon
313,ATLMDTPS2:CAEN/PSMDT02/branchController05/easyCrate3/easyBoard01/channel000.actual.vMon,MDT PS BC BOL1C01 | BOL3C01 LV Vmon
314,ATLMDTPS2:CAEN/PSMDT02/branchController07/easyCrate2/easyBoard01/channel001.actual.vMon,MDT PS BC BIL3C01 | BIL4C01 LV Vmon
315,ATLMDTPS3:CAEN/PSMDT01/branchController10/easyCrate1/easyBoard09/channel000.actual.vMon,MDT PS EA EOL3A15 | EOL4A15 LV Vmon
316,ATLMDTPS2:CAEN/PSMDT02/branchController04/easyCrate0/easyBoard13/channel002.actual.vMon,MDT PS BA BOL4A13 | BOL5A13 LV Vmon
317,ATLMDTPS3:CAEN/PSMDT01/branchController12/easyCrate2/easyBoard13/channel004.actual.vMon,MDT PS EA EES1A16 | EES2A16 LV Vmon
318,ATLMDTPS2:CAEN/PSMDT02/branchController04/easyCrate0/easyBoard17/channel001.actual.vMon,MDT PS BA BOG4A14 | BOG6A14 LV Vmon
319,ATLMDTPS2:CAEN/PSMDT02/branchController04/easyCrate3/easyBoard01/channel002.actual.vMon,MDT PS BC BOL4C13 | BOL5C13 LV Vmon
320,ATLMDTPS2:CAEN/PSMDT02/branchController02/easyCrate2/easyBoard13/channel003.actual.vMon,MDT PS BC BML1C13 | BML6C13 LV Vmon
321,ATLMDTPS2:CAEN/PSMDT02/branchController06/easyCrate3/easyBoard01/channel001.actual.vMon,MDT PS BA BML3A03 | BML6A03 LV Vmon
322,ATLMDTPS3:CAEN/PSMDT01/branchController10/easyCrate3/easyBoard09/channel002.actual.vMon,MDT PS EA EOS2A04 | EOS3A04 LV Vmon
323,ATLMDTPS2:CAEN/PSMDT02/branchController03/easyCrate0/easyBoard17/channel001.actual.vMon,MDT PS BA BIS3A12 | BIS4A12 LV Vmon
324,ATLMDTPS2:CAEN/PSMDT02/branchController03/easyCrate2/easyBoard01/channel004.actual.vMon,MDT PS BC BIS3C06 | BIS4C06 LV Vmon
325,ATLMDTPS3:CAEN/PSMDT01/branchController14/easyCrate2/easyBoard01/channel003.actual.vMon,MDT PS EA EMS1A14 | EMS2A14 LV Vmon
326,ATLMDTPS3:CAEN/PSMDT01/branchController14/easyCrate0/easyBoard05/channel000.actual.vMon,MDT PS EA EMS3A10 | EMS4A10 LV Vmon
327,ATLMDTPS2:CAEN/PSMDT02/branchController04/easyCrate0/easyBoard17/channel003.actual.vMon,MDT PS BA BOF7A14 | BOG8A14 LV Vmon
328,ATLMDTPS2:CAEN/PSMDT02/branchController03/easyCrate2/easyBoard13/channel000.actual.vMon,MDT PS BC BIM1C11 | BIM2C11 LV Vmon
329,ATLMDTPS3:CAEN/PSMDT01/branchController10/easyCrate3/easyBoard09/channel000.actual.vMon,MDT PS EA EOL3A03 | EOL4A03 LV Vmon
330,ATLMDTPS3:CAEN/PSMDT01/branchController14/easyCrate0/easyBoard05/channel003.actual.vMon,MDT PS EA EML4A11 | EML5A11 LV Vmon
331,ATLMDTPS2:CAEN/PSMDT02/branchController03/easyCrate0/easyBoard13/channel004.actual.vMon,MDT PS BA BIR3A11 | BIR6A11 LV Vmon
332,ATLMDTPS2:CAEN/PSMDT02/branchController01/easyCrate3/easyBoard01/channel002.actual.vMon,MDT PS BC BOL3C07 | BOL6C07 LV Vmon
333,ATLMDTPS3:CAEN/PSMDT01/branchController11/easyCrate1/easyBoard05/channel002.actual.vMon,MDT PS EC EOS6C14 | EOS6C16 LV Vmon
334,ATLMDTPS2:CAEN/PSMDT02/branchController04/easyCrate1/easyBoard13/channel001.actual.vMon,MDT PS BA BOL3A15 | BOL4A15 LV Vmon
335,ATLMDTPS2:CAEN/PSMDT02/branchController01/easyCrate3/easyBoard01/channel000.actual.vMon,MDT PS BC BOL1C07 | BOS1C08 LV Vmon
336,ATLMDTPS2:CAEN/PSMDT02/branchController04/easyCrate1/easyBoard17/channel002.actual.vMon,MDT PS BA BOS4A16 | BOS5A16 LV Vmon
337,ATLMDTPS3:CAEN/PSMDT02/branchController04/easyCrate2/easyBoard01/channel003.actual.vMon,MDT PS EA BIS7A02 | BIS7A16 LV Vmon
338,ATLMDTPS3:CAEN/PSMDT01/branchController13/easyCrate2/easyBoard17/channel000.actual.vMon,MDT PS EC EEL1C01 | EEL2C01 LV Vmon
339,ATLMDTPS3:CAEN/PSMDT01/branchController11/easyCrate4/easyBoard01/channel000.actual.vMon,MDT PS EC EOL1C05 | EOL2C05 LV Vmon
340,ATLMDTPS2:CAEN/PSMDT02/branchController02/easyCrate2/easyBoard13/channel000.actual.vMon,MDT PS BA BML1A13 | BML6A13 LV Vmon
341,ATLMDTPS2:CAEN/PSMDT02/branchController02/easyCrate0/easyBoard17/channel000.actual.vMon,MDT PS BC BMS1C08 | BMS1C10 LV Vmon
342,ATLMDTPS2:CAEN/PSMDT02/branchController06/easyCrate1/easyBoard09/channel001.actual.vMon,MDT PS BC BMS5C02 | BMS5C16 LV Vmon
343,ATLMDTPS2:CAEN/PSMDT02/branchController05/easyCrate3/easyBoard01/channel002.actual.vMon,MDT PS BC BOL5C01 | BOL6C01 LV Vmon
344,ATLMDTPS3:CAEN/PSMDT01/branchController10/easyCrate3/easyBoard09/channel001.actual.vMon,MDT PS EA EOL5A03 | EOL6A03 LV Vmon
345,ATLMDTPS3:CAEN/PSMDT01/branchController14/easyCrate2/easyBoard01/channel002.actual.vMon,MDT PS EA EML4A13 | EML5A13 LV Vmon
346,ATLMDTPS2:CAEN/PSMDT02/branchController01/easyCrate3/easyBoard05/channel001.actual.vMon,MDT PS BC BOS3C08 | BOS4C08 LV Vmon
347,ATLMDTPS2:CAEN/PSMDT02/branchController01/easyCrate2/easyBoard01/channel001.actual.vMon,MDT PS BC BOL3C05 | BOL6C05 LV Vmon
348,ATLMDTPS3:CAEN/PSMDT01/branchController14/easyCrate3/easyBoard01/channel003.actual.vMon,MDT PS EA EMS1A02 | EMS2A02 LV Vmon
349,ATLMDTPS3:CAEN/PSMDT02/branchController04/easyCrate2/easyBoard05/channel003.actual.vMon,MDT PS EA BIS7A06 | BIS7A12 LV Vmon
350,ATLMDTPS2:CAEN/PSMDT02/branchController03/easyCrate2/easyBoard09/channel002.actual.vMon,MDT PS BC BIL5C09 | BIL6C09 LV Vmon
351,ATLMDTPS2:CAEN/PSMDT02/branchController07/easyCrate1/easyBoard01/channel002.actual.vMon,MDT PS BA BIL5A01 | BIL6A01 LV Vmon
352,ATLMDTPS2:CAEN/PSMDT02/branchController02/easyCrate2/easyBoard13/channel002.actual.vMon,MDT PS BA BML5A13 LV Vmon
353,ATLMDTPS3:CAEN/PSMDT01/branchController10/easyCrate1/easyBoard05/channel001.actual.vMon,MDT PS EA EOS4A14 | EOS5A14 LV Vmon
354,ATLMDTPS2:CAEN/PSMDT02/branchController00/easyCrate1/easyBoard17/channel003.actual.vMon,MDT PS BA BOF7A12 | BOG8A12 LV Vmon
355,ATLMDTPS2:CAEN/PSMDT02/branchController01/easyCrate0/easyBoard13/channel002.actual.vMon,MDT PS BA BOL4A05 | BOL5A05 LV Vmon
356,ATLMDTPS3:CAEN/PSMDT01/branchController15/easyCrate3/easyBoard05/channel001.actual.vMon,MDT PS EC EMS1C04 | EMS5C02 LV Vmon
357,ATLMDTPS3:CAEN/PSMDT01/branchController15/easyCrate0/easyBoard05/channel000.actual.vMon,MDT PS EC EMS3C10 | EMS4C10 LV Vmon
358,ATLMDTPS2:CAEN/PSMDT02/branchController05/easyCrate1/easyBoard13/channel000.actual.vMon,MDT PS BA BOL1A03 | BOL2A03 LV Vmon
359,ATLMDTPS2:CAEN/PSMDT02/branchController04/easyCrate3/easyBoard09/channel002.actual.vMon,MDT PS BA BOR3A13 LV Vmon
360,ATLMDTPS3:CAEN/PSMDT01/branchController14/easyCrate0/easyBoard09/channel000.actual.vMon,MDT PS EA EMS2A12 | EMS3A12 LV Vmon
361,ATLMDTPS2:CAEN/PSMDT02/branchController02/easyCrate0/easyBoard01/channel003.actual.vMon,MDT PS BA BML6A07 | BML6A09 LV Vmon
362,ATLMDTPS2:CAEN/PSMDT02/branchController04/easyCrate3/easyBoard05/channel001.actual.vMon,MDT PS BC BOF5C14 | BOG4C14 LV Vmon
363,ATLMDTPS2:CAEN/PSMDT02/branchController06/easyCrate1/easyBoard01/channel002.actual.vMon,MDT PS BA BML5A15 | BML6A15 LV Vmon
364,ATLMDTPS3:CAEN/PSMDT01/branchController12/easyCrate2/easyBoard09/channel001.actual.vMon,MDT PS EA EEL1A03 | EEL2A03 LV Vmon
365,ATLMDTPS2:CAEN/PSMDT02/branchController06/easyCrate1/easyBoard17/channel002.actual.vMon,MDT PS BA BMS2A02 | BMS3A02 LV Vmon
366,ATLMDTPS2:CAEN/PSMDT02/branchController07/easyCrate1/easyBoard13/channel005.actual.vMon,MDT PS BA BIR5A15 | BIR6A15 LV Vmon
367,ATLMDTPS3:CAEN/PSMDT01/branchController13/easyCrate2/easyBoard09/channel000.actual.vMon,MDT PS EC EEL1C13 | EEL2C13 LV Vmon
368,ATLMDTPS2:CAEN/PSMDT02/branchController07/easyCrate1/easyBoard13/channel005.actual.vMon,MDT PS BA BIR4A15 | BIR5A15 LV Vmon
369,ATLMDTPS2:CAEN/PSMDT02/branchController05/easyCrate2/easyBoard01/channel001.actual.vMon,MDT PS BC BOL2C03 | BOL4C03 LV Vmon
370,ATLMDTPS3:CAEN/PSMDT01/branchController11/easyCrate4/easyBoard01/channel001.actual.vMon,MDT PS EC EOL3C05 | EOL4C05 LV Vmon
371,ATLMDTPS3:CAEN/PSMDT01/branchController11/easyCrate1/easyBoard01/channel002.actual.vMon,MDT PS EC EOL5C13 | EOL6C13 LV Vmon
372,ATLMDTPS2:CAEN/PSMDT02/branchController05/easyCrate2/easyBoard05/channel001.actual.vMon,MDT PS BC BOS3C04 | BOS4C04 LV Vmon
373,ATLMDTPS3:CAEN/PSMDT01/branchController11/easyCrate0/easyBoard09/channel001.actual.vMon,MDT PS EC EOL5C11 | EOL6C11 LV Vmon
374,ATLMDTPS3:CAEN/PSMDT01/branchController10/easyCrate3/easyBoard05/channel002.actual.vMon,MDT PS EA EOS6A02 | EOS6A04 LV Vmon
375,ATLMDTPS3:CAEN/PSMDT01/branchController14/easyCrate4/easyBoard01/channel003.actual.vMon,MDT PS EA EMS1A06 | EMS2A06 LV Vmon
376,ATLMDTPS2:CAEN/PSMDT02/branchController03/easyCrate0/easyBoard09/channel004.actual.vMon,MDT PS BA BIS3A10 | BIS4A10 LV Vmon
377,ATLMDTPS2:CAEN/PSMDT02/branchController01/easyCrate2/easyBoard05/channel000.actual.vMon,MDT PS BC BOS1C06 | BOS2C06 LV Vmon
378,ATLMDTPS2:CAEN/PSMDT02/branchController07/easyCrate2/easyBoard09/channel004.actual.vMon,MDT PS BC BIS3C14 | BIS4C14 LV Vmon
379,ATLMDTPS3:CAEN/PSMDT01/branchController10/easyCrate0/easyBoard01/channel001.actual.vMon,MDT PS EA EOL3A09 | EOL4A09 LV Vmon
380,ATLMDTPS2:CAEN/PSMDT02/branchController00/easyCrate2/easyBoard01/channel003.actual.vMon,MDT PS BC BOF3C12 | BOL6C11 LV Vmon
381,ATLMDTPS2:CAEN/PSMDT02/branchController07/easyCrate2/easyBoard17/channel000.actual.vMon,MDT PS BC BIS1C16 | BIS2C16 LV Vmon
382,ATLMDTPS3:CAEN/PSMDT01/branchController11/easyCrate0/easyBoard01/channel000.actual.vMon,MDT PS EC EOL1C09 | EOL2C09 LV Vmon
383,ATLMDTPS3:CAEN/PSMDT01/branchController15/easyCrate4/easyBoard09/channel000.actual.vMon,MDT PS EC EMS2C08 | EMS3C08 LV Vmon
384,ATLMDTPS3:CAEN/PSMDT01/branchController12/easyCrate2/easyBoard09/channel003.actual.vMon,MDT PS EA EEL1A07 | EEL2A07 LV Vmon
385,ATLMDTPS2:CAEN/PSMDT02/branchController03/easyCrate0/easyBoard13/channel000.actual.vMon,MDT PS BA BIM1A11 | BIM2A11 LV Vmon
386,ATLMDTPS2:CAEN/PSMDT02/branchController07/easyCrate1/easyBoard17/channel002.actual.vMon,MDT PS BA BIS5A16 | BIS6A16 LV Vmon
387,ATLMDTPS3:CAEN/PSMDT01/branchController10/easyCrate4/easyBoard01/channel002.actual.vMon,MDT PS EA EOL5A05 | EOL6A05 LV Vmon
388,ATLMDTPS3:CAEN/PSMDT01/branchController12/easyCrate2/easyBoard09/channel005.actual.vMon,MDT PS EA EEL1A11 | EEL2A11 LV Vmon
389,ATLMDTPS2:CAEN/PSMDT02/branchController01/easyCrate0/easyBoard17/channel000.actual.vMon,MDT PS BA BOS1A06 | BOS2A06 LV Vmon
390,ATLMDTPS3:CAEN/PSMDT01/branchController12/easyCrate2/easyBoard05/channel002.actual.vMon,MDT PS EA EES1A02 | EES2A02 LV Vmon
391,ATLMDTPS2:CAEN/PSMDT02/branchController07/easyCrate1/easyBoard09/channel000.actual.vMon,MDT PS BA BIL1A13 | BIL2A13 LV Vmon
392,ATLMDTPS3:CAEN/PSMDT02/branchController07/easyCrate1/easyBoard17/channel005.actual.vMon,MDT PS EA BIS7A04 | BIS8A04 LV Vmon
393,ATLMDTPS2:CAEN/PSMDT02/branchController03/easyCrate0/easyBoard13/channel005.actual.vMon,MDT PS BA BIR5A11 | BIR6A11 LV Vmon
394,ATLMDTPS3:CAEN/PSMDT01/branchController15/easyCrate3/easyBoard01/channel001.actual.vMon,MDT PS EC EML2C01 | EML3C01 LV Vmon
395,ATLMDTPS3:CAEN/PSMDT01/branchController14/easyCrate4/easyBoard05/channel001.actual.vMon,MDT PS EA EMS1A08 | EMS5A06 LV Vmon
396,ATLMDTPS2:CAEN/PSMDT02/branchController03/easyCrate2/easyBoard13/channel002.actual.vMon,MDT PS BC BIM5C11 LV Vmon
397,ATLMDTPS2:CAEN/PSMDT02/branchController06/easyCrate0/easyBoard17/channel002.actual.vMon,MDT PS BC BMS1C02 | BMS1C16 LV Vmon
398,ATLMDTPS2:CAEN/PSMDT02/branchController05/easyCrate3/easyBoard01/channel000.actual.vMon,MDT PS BC BOL1C01 | BOL2C01 LV Vmon
399,ATLMDTPS3:CAEN/PSMDT01/branchController11/easyCrate4/easyBoard09/channel003.actual.vMon,MDT PS EC EOS4C08 | EOS5C08 LV Vmon
400,ATLMDTPS2:CAEN/PSMDT02/branchController02/easyCrate0/easyBoard05/channel000.actual.vMon,MDT PS BC BML1C07 | BML1C09 LV Vmon
401,ATLMDTPS2:CAEN/PSMDT02/branchController06/easyCrate1/easyBoard17/channel001.actual.vMon,MDT PS BC BML5C01 | BML6C01 LV Vmon
402,ATLMDTPS3:CAEN/PSMDT01/branchController14/easyCrate3/easyBoard05/channel003.actual.vMon,MDT PS EA EML4A03 | EML5A03 LV Vmon
403,ATLMDTPS2:CAEN/PSMDT02/branchController07/easyCrate2/easyBoard13/channel004.actual.vMon,MDT PS BC BIR3C15 | BIR4C15 LV Vmon
404,ATLMDTPS3:CAEN/PSMDT01/branchController13/easyCrate2/easyBoard17/channel004.actual.vMon,MDT PS EC EEL1C09 | EEL2C09 LV Vmon
405,ATLMDTPS3:CAEN/PSMDT01/branchController11/easyCrate1/easyBoard05/channel000.actual.vMon,MDT PS EC EOS1C16 | EOS3C14 LV Vmon
406,ATLMDTPS3:CAEN/PSMDT01/branchController14/easyCrate2/easyBoard01/channel001.actual.vMon,MDT PS EA EML2A13 | EML3A13 LV Vmon
407,ATLMDTPS2:CAEN/PSMDT02/branchController01/easyCrate0/easyBoard13/channel000.actual.vMon,MDT PS BA BOL1A05 | BOL2A05 LV Vmon
408,ATLMDTPS2:CAEN/PSMDT02/branchController02/easyCrate0/easyBoard13/channel002.actual.vMon,MDT PS BA BMS4A08 | BMS6A08 LV Vmon
409,ATLMDTPS3:CAEN/PSMDT01/branchController13/easyCrate2/easyBoard13/channel003.actual.vMon,MDT PS EC EES1C14 | EES2C14 LV Vmon
410,ATLMDTPS2:CAEN/PSMDT02/branchController01/easyCrate1/easyBoard17/channel000.actual.vMon,MDT PS BA BOL4A07 | BOL5A07 LV Vmon
411,ATLMDTPS2:CAEN/PSMDT02/branchController01/easyCrate0/easyBoard17/channel001.actual.vMon,MDT PS BA BOS3A06 | BOS4A06 LV Vmon
412,ATLMDTPS2:CAEN/PSMDT02/branchController07/easyCrate1/easyBoard13/channel004.actual.vMon,MDT PS BA BIR3A15 | BIR4A15 LV Vmon
413,ATLMDTPS3:CAEN/PSMDT01/branchController15/easyCrate4/easyBoard01/channel003.actual.vMon,MDT PS EC EMS1C06 | EMS2C06 LV Vmon
414,ATLMDTPS3:CAEN/PSMDT01/branchController15/easyCrate4/easyBoard05/channel000.actual.vMon,MDT PS EC EMS3C06 | EMS4C06 LV Vmon
415,ATLMDTPS2:CAEN/PSMDT02/branchController03/easyCrate0/easyBoard09/channel001.actual.vMon,MDT PS BA BIL3A09 | BIL4A09 LV Vmon
416,ATLMDTPS2:CAEN/PSMDT02/branchController03/easyCrate0/easyBoard17/channel002.actual.vMon,MDT PS BA BIS5A12 | BIS6A12 LV Vmon
417,ATLMDTPS2:CAEN/PSMDT02/branchController06/easyCrate3/easyBoard17/channel000.actual.vMon,MDT PS BC BML2C05 | BML3C05 LV Vmon
418,ATLMDTPS3:CAEN/PSMDT01/branchController11/easyCrate0/easyBoard09/channel003.actual.vMon,MDT PS EC EOS4C12 | EOS5C12 LV Vmon
419,ATLMDTPS2:CAEN/PSMDT02/branchController03/easyCrate0/easyBoard05/channel004.actual.vMon,MDT PS BA BIS3A08 | BIS4A08 LV Vmon
420,ATLMDTPS2:CAEN/PSMDT02/branchController07/easyCrate2/easyBoard09/channel000.actual.vMon,MDT PS BC BIL1C13 | BIL2C13 LV Vmon
421,ATLMDTPS2:CAEN/PSMDT02/branchController07/easyCrate1/easyBoard09/channel005.actual.vMon,MDT PS BA BIS5A14 | BIS6A14 LV Vmon
422,ATLMDTPS2:CAEN/PSMDT02/branchController04/easyCrate3/easyBoard01/channel003.actual.vMon,MDT PS BC BOF3C14 | BOL6C13 LV Vmon
423,ATLMDTPS2:CAEN/PSMDT02/branchController03/easyCrate0/easyBoard01/channel001.actual.vMon,MDT PS BA BIL3A05 | BIL4A05 LV Vmon
424,ATLMDTPS3:CAEN/PSMDT02/branchController07/easyCrate1/easyBoard17/channel004.actual.vMon,MDT PS EA BIS7A02 | BIS8A02 LV Vmon
425,ATLMDTPS2:CAEN/PSMDT02/branchController00/easyCrate3/easyBoard17/channel001.actual.vMon,MDT PS BC BOS2C10 | BOS3C10 LV Vmon
426,ATLMDTPS2:CAEN/PSMDT02/branchController02/easyCrate1/easyBoard17/channel003.actual.vMon,MDT PS BC BMS4C10 | BMS6C10 LV Vmon
427,ATLMDTPS2:CAEN/PSMDT02/branchController07/easyCrate1/easyBoard09/channel004.actual.vMon,MDT PS BA BIS3A14 | BIS4A14 LV Vmon
428,ATLMDTPS3:CAEN/PSMDT01/branchController11/easyCrate0/easyBoard09/channel000.actual.vMon,MDT PS EC EOL3C11 | EOL4C11 LV Vmon
429,ATLMDTPS2:CAEN/PSMDT02/branchController03/easyCrate2/easyBoard05/channel000.actual.vMon,MDT PS BC BIL1C07 | BIL2C07 LV Vmon
430,ATLMDTPS3:CAEN/PSMDT01/branchController14/easyCrate4/easyBoard05/channel003.actual.vMon,MDT PS EA EML4A07 | EML5A07 LV Vmon
431,ATLMDTPS2:CAEN/PSMDT02/branchController04/easyCrate2/easyBoard01/channel000.actual.vMon,MDT PS BC BOL1C15 | BOL3C15 LV Vmon
432,ATLMDTPS2:CAEN/PSMDT02/branchController05/easyCrate2/easyBoard01/channel000.actual.vMon,MDT PS BC BOL1C03 | BOL2C03 LV Vmon
433,ATLMDTPS2:CAEN/PSMDT02/branchController02/easyCrate2/easyBoard01/channel001.actual.vMon,MDT PS BA BML2A11 | BML3A11 LV Vmon
434,ATLMDTPS2:CAEN/PSMDT02/branchController05/easyCrate1/easyBoard13/channel001.actual.vMon,MDT PS BA BOL3A03 | BOL4A03 LV Vmon
435,ATLMDTPS3:CAEN/PSMDT01/branchController13/easyCrate2/easyBoard09/channel002.actual.vMon,MDT PS EC EES1C02 | EES2C02 LV Vmon
436,ATLMDTPS3:CAEN/PSMDT01/branchController10/easyCrate0/easyBoard01/channel002.actual.vMon,MDT PS EA EOL5A09 | EOL6A09 LV Vmon
437,ATLMDTPS3:CAEN/PSMDT02/branchController03/easyCrate0/easyBoard17/channel003.actual.vMon,MDT PS EA BIS7A06 | BIS8A06 LV Vmon
438,ATLMDTPS2:CAEN/PSMDT02/branchController04/easyCrate1/easyBoard13/channel000.actual.vMon,MDT PS BA BOL1A15 | BOL2A15 LV Vmon
439,ATLMDTPS2:CAEN/PSMDT02/branchController00/easyCrate0/easyBoard13/channel002.actual.vMon,MDT PS BA BOL4A09 | BOL5A09 LV Vmon
440,ATLMDTPS2:CAEN/PSMDT02/branchController02/easyCrate0/easyBoard05/channel001.actual.vMon,MDT PS BC BML2C07 | BML3C07 LV Vmon
441,ATLMDTPS3:CAEN/PSMDT02/branchController04/easyCrate2/easyBoard13/channel001.actual.vMon,MDT PS EA BIS7A16 LV Vmon
442,ATLMDTPS3:CAEN/PSMDT01/branchController12/easyCrate2/easyBoard09/channel000.actual.vMon,MDT PS EA EEL1A01 | EEL2A01 LV Vmon
443,ATLMDTPS3:CAEN/PSMDT01/branchController11/easyCrate1/easyBoard09/channel003.actual.vMon,MDT PS EC EOS2C16 | EOS5C16 LV Vmon
444,ATLMDTPS3:CAEN/PSMDT01/branchController14/easyCrate0/easyBoard01/channel001.actual.vMon,MDT PS EA EML2A09 | EML3A09 LV Vmon
445,ATLMDTPS2:CAEN/PSMDT02/branchController01/easyCrate0/easyBoard17/channel002.actual.vMon,MDT PS BA BOS5A06 | BOS6A06 LV Vmon
446,ATLMDTPS3:CAEN/PSMDT01/branchController11/easyCrate1/easyBoard01/channel001.actual.vMon,MDT PS EC EOL3C13 | EOL4C13 LV Vmon
447,ATLMDTPS3:CAEN/PSMDT01/branchController14/easyCrate0/easyBoard01/channel000.actual.vMon,MDT PS EA EML1A09 | EML1A11 LV Vmon
448,ATLMDTPS2:CAEN/PSMDT02/branchController07/easyCrate2/easyBoard13/channel005.actual.vMon,MDT PS BC BIR5C15 | BIR6C15 LV Vmon
449,ATLMDTPS2:CAEN/PSMDT02/branchController06/easyCrate0/easyBoard17/channel003.actual.vMon,MDT PS BC BMS2C16 | BMS3C16 LV Vmon
450,ATLMDTPS3:CAEN/PSMDT01/branchController10/easyCrate3/easyBoard05/channel001.actual.vMon,MDT PS EA EOS4A02 | EOS5A02 LV Vmon
451,ATLMDTPS2:CAEN/PSMDT02/branchController04/easyCrate0/easyBoard17/channel000.actual.vMon,MDT PS BA BOF1A14 | BOF3A14 LV Vmon
452,ATLMDTPS2:CAEN/PSMDT02/branchController06/easyCrate1/easyBoard09/channel003.actual.vMon,MDT PS BC BMS4C02 | BMS6C02 LV Vmon
453,ATLMDTPS2:CAEN/PSMDT02/branchController02/easyCrate2/easyBoard13/channel001.actual.vMon,MDT PS BA BML2A13 | BML3A13 LV Vmon
454,ATLMDTPS2:CAEN/PSMDT02/branchController06/easyCrate1/easyBoard13/channel000.actual.vMon,MDT PS BA BML1A01 | BML2A01 LV Vmon
455,ATLMDTPS2:CAEN/PSMDT02/branchController05/easyCrate0/easyBoard13/channel001.actual.vMon,MDT PS BA BOL1A01 | BOL2A01 LV Vmon
456,ATLMDTPS3:CAEN/PSMDT01/branchController10/easyCrate0/easyBoard09/channel003.actual.vMon,MDT PS EA EOS4A12 | EOS5A12 LV Vmon
457,ATLMDTPS3:CAEN/PSMDT01/branchController15/easyCrate2/easyBoard05/channel002.actual.vMon,MDT PS EC EML2C15 | EML3C15 LV Vmon
458,ATLMDTPS2:CAEN/PSMDT02/branchController00/easyCrate3/easyBoard17/channel002.actual.vMon,MDT PS BC BOS4C10 | BOS5C10 LV Vmon
459,ATLMDTPS2:CAEN/PSMDT02/branchController04/easyCrate2/easyBoard05/channel002.actual.vMon,MDT PS BC BOS4C16 | BOS5C16 LV Vmon
460,ATLMDTPS2:CAEN/PSMDT02/branchController00/easyCrate2/easyBoard09/channel002.actual.vMon,MDT PS BC BMG2C12 | BMG4C12 LV Vmon
461,ATLMDTPS3:CAEN/PSMDT01/branchController13/easyCrate2/easyBoard09/channel004.actual.vMon,MDT PS EC EES1C06 | EES2C06 LV Vmon
462,ATLMDTPS3:CAEN/PSMDT01/branchController11/easyCrate4/easyBoard05/channel000.actual.vMon,MDT PS EC EOS1C08 | EOS3C06 LV Vmon
463,ATLMDTPS3:CAEN/PSMDT01/branchController14/easyCrate3/easyBoard01/channel001.actual.vMon,MDT PS EA EML2A01 | EML3A01 LV Vmon
464,ATLMDTPS3:CAEN/PSMDT02/branchController03/easyCrate0/easyBoard17/channel003.actual.vMon,MDT PS spare channel of LV board: 03 0 17 Vmon
465,ATLMDTPS2:CAEN/PSMDT02/branchController03/easyCrate2/easyBoard01/channel005.actual.vMon,MDT PS BC BIS5C06 | BIS6C06 LV Vmon
466,ATLMDTPS2:CAEN/PSMDT02/branchController07/easyCrate2/easyBoard05/channel001.actual.vMon,MDT PS BC BIL3C03 | BIL4C03 LV Vmon
467,ATLMDTPS3:CAEN/PSMDT02/branchController03/easyCrate0/easyBoard17/channel004.actual.vMon,MDT PS spare channel of LV board: 03 0 17 Vmon
468,ATLMDTPS3:CAEN/PSMDT01/branchController13/easyCrate2/easyBoard09/channel001.actual.vMon,MDT PS EC EEL1C15 | EEL2C15 LV Vmon
469,ATLMDTPS2:CAEN/PSMDT02/branchController01/easyCrate1/easyBoard13/channel001.actual.vMon,MDT PS BA BOL2A07 | BOS2A08 LV Vmon
470,ATLMDTPS2:CAEN/PSMDT02/branchController02/easyCrate2/easyBoard09/channel000.actual.vMon,MDT PS BA BMF3A12 | BMF3A14 LV Vmon
471,ATLMDTPS2:CAEN/PSMDT02/branchController02/easyCrate1/easyBoard17/channel000.actual.vMon,MDT PS BC BMS4C08 | BMS6C08 LV Vmon
472,ATLMDTPS3:CAEN/PSMDT01/branchController14/easyCrate3/easyBoard01/channel002.actual.vMon,MDT PS EA EML4A01 | EML5A01 LV Vmon
473,ATLMDTPS3:CAEN/PSMDT01/branchController10/easyCrate1/easyBoard01/channel003.actual.vMon,MDT PS EA EOS1A14 | EOS2A14 LV Vmon
474,ATLMDTPS2:CAEN/PSMDT02/branchController07/easyCrate1/easyBoard05/channel005.actual.vMon,MDT PS BA BIS5A04 | BIS6A04 LV Vmon
475,ATLMDTPS2:CAEN/PSMDT02/branchController05/easyCrate2/easyBoard01/channel002.actual.vMon,MDT PS BC BOL5C03 | BOL6C03 LV Vmon
476,ATLMDTPS2:CAEN/PSMDT02/branchController06/easyCrate3/easyBoard13/channel001.actual.vMon,MDT PS BA BML2A05 | BML3A05 LV Vmon
477,ATLMDTPS3:CAEN/PSMDT01/branchController12/easyCrate2/easyBoard09/channel000.actual.vMon,MDT PS EA EEL1A13 | EEL2A13 LV Vmon
478,ATLMDTPS3:CAEN/PSMDT01/branchController13/easyCrate2/easyBoard13/channel004.actual.vMon,MDT PS EC EES1C16 | EES2C16 LV Vmon
479,ATLMDTPS2:CAEN/PSMDT02/branchController06/easyCrate1/easyBoard13/channel001.actual.vMon,MDT PS BA BML3A01 | BML6A01 LV Vmon
480,ATLMDTPS2:CAEN/PSMDT02/branchController00/easyCrate2/easyBoard01/channel000.actual.vMon,MDT PS BC BOL1C11 | BOL3C11 LV Vmon
481,ATLMDTPS2:CAEN/PSMDT02/branchController03/easyCrate0/easyBoard17/channel000.actual.vMon,MDT PS BA BIS1A12 | BIS2A12 LV Vmon
482,ATLMDTPS2:CAEN/PSMDT02/branchController04/easyCrate3/easyBoard13/channel001.actual.vMon,MDT PS BC BMR4C13 LV Vmon
483,ATLMDTPS3:CAEN/PSMDT01/branchController11/easyCrate1/easyBoard01/channel000.actual.vMon,MDT PS EC EOL1C13 | EOL2C13 LV Vmon
484,ATLMDTPS3:CAEN/PSMDT01/branchController13/easyCrate2/easyBoard05/channel002.actual.vMon,MDT PS EC BEE1C10 | BEE1C12 | BEE2C10 | BEE2C12 LV Vmon
485,ATLMDTPS3:CAEN/PSMDT01/branchController13/easyCrate2/easyBoard01/channel002.actual.vMon,MDT PS EC EIL4C09 | EIL4C11 LV Vmon
486,ATLMDTPS3:CAEN/PSMDT01/branchController11/easyCrate1/easyBoard05/channel003.actual.vMon,MDT PS EC EOL1C15 | EOL2C15 LV Vmon
487,ATLMDTPS2:CAEN/PSMDT02/branchController01/easyCrate2/easyBoard05/channel002.actual.vMon,MDT PS BC BOS5C06 | BOS6C06 LV Vmon
488,ATLMDTPS3:CAEN/PSMDT01/branchController11/easyCrate1/easyBoard09/channel000.actual.vMon,MDT PS EC EOL3C15 | EOL4C15 LV Vmon
489,ATLMDTPS2:CAEN/PSMDT02/branchController02/easyCrate0/easyBoard09/channel000.actual.vMon,MDT PS BC BML2C09 | BML4C09 LV Vmon
490,ATLMDTPS3:CAEN/PSMDT01/branchController14/easyCrate3/easyBoard05/channel000.actual.vMon,MDT PS EA EMS3A02 | EMS4A02 LV Vmon
491,ATLMDTPS2:CAEN/PSMDT02/branchController02/easyCrate2/easyBoard05/channel000.actual.vMon,MDT PS BC BML2C11 | BML3C11 LV Vmon
492,ATLMDTPS3:CAEN/PSMDT01/branchController12/easyCrate2/easyBoard09/channel004.actual.vMon,MDT PS EA EES1A06 | EES2A06 LV Vmon
493,ATLMDTPS2:CAEN/PSMDT02/branchController06/easyCrate3/easyBoard05/channel000.actual.vMon,MDT PS BC BML2C03 | BML3C03 LV Vmon
494,ATLMDTPS2:CAEN/PSMDT02/branchController05/easyCrate3/easyBoard01/channel001.actual.vMon,MDT PS BC BOL3C01 | BOL4C01 LV Vmon
495,ATLMDTPS2:CAEN/PSMDT02/branchController00/easyCrate2/easyBoard05/channel000.actual.vMon,MDT PS BC BOG2C12 | BOG4C12 LV Vmon
496,ATLMDTPS3:CAEN/PSMDT02/branchController03/easyCrate0/easyBoard17/channel005.actual.vMon,MDT PS EA BIS7A10 | BIS8A10 | BIS8A12 LV Vmon
497,ATLMDTPS3:CAEN/PSMDT01/branchController13/easyCrate2/easyBoard01/channel003.actual.vMon,MDT PS EC EIL4C13 | EIL4C15 LV Vmon
498,ATLMDTPS3:CAEN/PSMDT01/branchController12/easyCrate2/easyBoard09/channel002.actual.vMon,MDT PS EA EEL2A05 LV Vmon
499,ATLMDTPS3:CAEN/PSMDT01/branchController12/easyCrate2/easyBoard17/channel000.actual.vMon,MDT PS EA BEE1A02 | BEE1A04 | BEE2A02 | BEE2A04 LV Vmon
500,ATLMDTPS2:CAEN/PSMDT02/branchController02/easyCrate2/easyBoard17/channel000.actual.vMon,MDT PS BC BML2C13 | BML3C13 LV Vmon
501,ATLMDTPS2:CAEN/PSMDT02/branchController03/easyCrate0/easyBoard09/channel005.actual.vMon,MDT PS BA BIS5A10 | BIS6A10 LV Vmon
502,ATLMDTPS2:CAEN/PSMDT02/branchController07/easyCrate1/easyBoard05/channel003.actual.vMon,MDT PS BA BIS1A04 | BIS2A04 LV Vmon
503,ATLMDTPS2:CAEN/PSMDT02/branchController02/easyCrate0/easyBoard09/channel001.actual.vMon,MDT PS BC BML3C09 | BML5C09 LV Vmon
504,ATLMDTPS3:CAEN/PSMDT01/branchController11/easyCrate0/easyBoard01/channel003.actual.vMon,MDT PS EC EOS1C10 | EOS2C10 LV Vmon
505,ATLMDTPS3:CAEN/PSMDT01/branchController12/easyCrate2/easyBoard05/channel001.actual.vMon,MDT PS EA EEL1A03 | EEL2A03 LV Vmon
506,ATLMDTPS3:CAEN/PSMDT01/branchController12/easyCrate2/easyBoard09/channel002.actual.vMon,MDT PS EA EES1A02 | EES2A02 LV Vmon
507,ATLMDTPS3:CAEN/PSMDT01/branchController15/easyCrate4/easyBoard09/channel001.actual.vMon,MDT PS EC EMS4C08 | EMS5C08 LV Vmon
508,ATLMDTPS2:CAEN/PSMDT02/branchController04/easyCrate3/easyBoard09/channel003.actual.vMon,MDT PS BC BOR3C13 LV Vmon
509,ATLMDTPS2:CAEN/PSMDT02/branchController07/easyCrate2/easyBoard13/channel001.actual.vMon,MDT PS BC BIM3C15 | BIM4C15 LV Vmon
510,ATLMDTPS2:CAEN/PSMDT02/branchController00/easyCrate3/easyBoard13/channel002.actual.vMon,MDT PS BC BOL4C09 | BOL5C09 LV Vmon
511,ATLMDTPS2:CAEN/PSMDT02/branchController07/easyCrate1/easyBoard01/channel004.actual.vMon,MDT PS BA BIS3A02 | BIS4A02 LV Vmon
512,ATLMDTPS3:CAEN/PSMDT01/branchController10/easyCrate1/easyBoard05/channel002.actual.vMon,MDT PS EA EOS6A14 | EOS6A16 LV Vmon
513,ATLMDTPS3:CAEN/PSMDT01/branchController14/easyCrate4/easyBoard09/channel000.actual.vMon,MDT PS EA EMS2A08 | EMS3A08 LV Vmon
514,ATLMDTPS3:CAEN/PSMDT01/branchController13/easyCrate2/easyBoard01/channel000.actual.vMon,MDT PS EC EIL4C01 | EIL4C03 | EIS2C02 | EIS2C04 LV Vmon
515,ATLMDTPS3:CAEN/PSMDT01/branchController12/easyCrate2/easyBoard01/channel001.actual.vMon,MDT PS EA EIL4A05 | EIL4A07 LV Vmon
516,ATLMDTPS2:CAEN/PSMDT02/branchController07/easyCrate1/easyBoard05/channel000.actual.vMon,MDT PS BA BIL1A03 | BIL2A03 LV Vmon
517,ATLMDTPS2:CAEN/PSMDT02/branchController07/easyCrate2/easyBoard13/channel000.actual.vMon,MDT PS BC BIM1C15 | BIM2C15 LV Vmon
518,ATLMDTPS2:CAEN/PSMDT02/branchController05/easyCrate0/easyBoard13/channel002.actual.vMon,MDT PS BA BOL5A01 | BOL6A01 LV Vmon
519,ATLMDTPS3:CAEN/PSMDT01/branchController10/easyCrate0/easyBoard05/channel000.actual.vMon,MDT PS EA EOS1A12 | EOS3A10 LV Vmon
520,ATLMDTPS3:CAEN/PSMDT02/branchController03/easyCrate2/easyBoard17/channel003.actual.vMon,MDT PS EC BIS7C06 | BIS8C06 LV Vmon
521,ATLMDTPS3:CAEN/PSMDT01/branchController15/easyCrate0/easyBoard05/channel003.actual.vMon,MDT PS EC EML4C11 | EML5C11 LV Vmon
522,ATLMDTPS2:CAEN/PSMDT02/branchController03/easyCrate0/easyBoard13/channel002.actual.vMon,MDT PS BA BIM5A11 LV Vmon
523,ATLMDTPS2:CAEN/PSMDT02/branchController01/easyCrate1/easyBoard17/channel001.actual.vMon,MDT PS BA BOS3A08 | BOS4A08 LV Vmon
524,ATLMDTPS2:CAEN/PSMDT02/branchController06/easyCrate1/easyBoard17/channel003.actual.vMon,MDT PS BA BMS4A02 | BMS6A02 LV Vmon
525,ATLMDTPS2:CAEN/PSMDT02/branchController04/easyCrate2/easyBoard01/channel001.actual.vMon,MDT PS BC BOL2C15 | BOS2C16 LV Vmon
526,ATLMDTPS2:CAEN/PSMDT02/branchController03/easyCrate2/easyBoard01/channel001.actual.vMon,MDT PS BC BIL3C05 | BIL4C05 LV Vmon
527,ATLMDTPS2:CAEN/PSMDT02/branchController03/easyCrate2/easyBoard13/channel001.actual.vMon,MDT PS BC BIM3C11 | BIM4C11 LV Vmon
528,ATLMDTPS3:CAEN/PSMDT01/branchController11/easyCrate3/easyBoard01/channel002.actual.vMon,MDT PS EC EOL5C01 | EOL6C01 LV Vmon
529,ATLMDTPS2:CAEN/PSMDT02/branchController02/easyCrate1/easyBoard17/channel001.actual.vMon,MDT PS BC BMS5C08 | BMS5C10 LV Vmon
530,ATLMDTPS2:CAEN/PSMDT02/branchController07/easyCrate2/easyBoard13/channel003.actual.vMon,MDT PS BC BIR1C15 | BIR2C15 LV Vmon
531,ATLMDTPS3:CAEN/PSMDT01/branchController15/easyCrate0/easyBoard09/channel000.actual.vMon,MDT PS EC EMS2C12 | EMS3C12 LV Vmon
532,ATLMDTPS2:CAEN/PSMDT02/branchController00/easyCrate2/easyBoard09/channel000.actual.vMon,MDT PS BA BMG2A12 | BMG4A12 LV Vmon
533,ATLMDTPS2:CAEN/PSMDT02/branchController01/easyCrate2/easyBoard05/channel001.actual.vMon,MDT PS BC BOS3C06 | BOS4C06 LV Vmon
534,ATLMDTPS3:CAEN/PSMDT01/branchController12/easyCrate2/easyBoard09/channel003.actual.vMon,MDT PS EA EES1A04 | EES2A04 LV Vmon
535,ATLMDTPS2:CAEN/PSMDT02/branchController06/easyCrate1/easyBoard13/channel003.actual.vMon,MDT PS BC BML1C01 | BML4C01 LV Vmon
536,ATLMDTPS3:CAEN/PSMDT01/branchController12/easyCrate2/easyBoard01/channel000.actual.vMon,MDT PS EA EIL4A01 | EIL4A03 LV Vmon
537,ATLMDTPS2:CAEN/PSMDT02/branchController07/easyCrate2/easyBoard17/channel001.actual.vMon,MDT PS BC BIS3C16 | BIS4C16 LV Vmon
538,ATLMDTPS3:CAEN/PSMDT01/branchController11/easyCrate4/easyBoard09/channel002.actual.vMon,MDT PS EC EOS2C08 | EOS3C08 LV Vmon
539,ATLMDTPS3:CAEN/PSMDT01/branchController15/easyCrate2/easyBoard05/channel003.actual.vMon,MDT PS EC EML4C15 | EML5C15 LV Vmon
540,ATLMDTPS3:CAEN/PSMDT01/branchController11/easyCrate3/easyBoard05/channel003.actual.vMon,MDT PS EC EOL1C03 | EOL2C03 LV Vmon
541,ATLMDTPS2:CAEN/PSMDT02/branchController00/easyCrate1/easyBoard17/channel001.actual.vMon,MDT PS BA BOF3A12 LV Vmon
542,ATLMDTPS2:CAEN/PSMDT02/branchController00/easyCrate2/easyBoard01/channel002.actual.vMon,MDT PS BC BOL4C11 | BOL5C11 LV Vmon
543,ATLMDTPS3:CAEN/PSMDT02/branchController04/easyCrate2/easyBoard13/channel003.actual.vMon,MDT PS EA BIS7A06 LV Vmon
544,ATLMDTPS3:CAEN/PSMDT02/branchController03/easyCrate0/easyBoard17/channel004.actual.vMon,MDT PS EA BIS7A08 | BIS7A10 LV Vmon
545,ATLMDTPS3:CAEN/PSMDT01/branchController13/easyCrate2/easyBoard13/channel000.actual.vMon,MDT PS EC EES1C08 | EES2C08 LV Vmon
546,ATLMDTPS2:CAEN/PSMDT02/branchController05/easyCrate2/easyBoard05/channel000.actual.vMon,MDT PS BC BOS1C04 | BOS2C04 LV Vmon
547,ATLMDTPS3:CAEN/PSMDT01/branchController15/easyCrate0/easyBoard09/channel001.actual.vMon,MDT PS EC EMS4C12 | EMS5C12 LV Vmon
548,ATLMDTPS2:CAEN/PSMDT02/branchController03/easyCrate0/easyBoard05/channel003.actual.vMon,MDT PS BA BIS1A08 | BIS2A08 LV Vmon
549,ATLMDTPS2:CAEN/PSMDT02/branchController00/easyCrate3/easyBoard13/channel001.actual.vMon,MDT PS BC BOL2C09 | BOS1C10 LV Vmon
550,ATLMDTPS2:CAEN/PSMDT02/branchController04/easyCrate2/easyBoard05/channel001.actual.vMon,MDT PS BC BOS1C16 | BOS3C16 LV Vmon
551,ATLMDTPS3:CAEN/PSMDT01/branchController10/easyCrate0/easyBoard09/channel002.actual.vMon,MDT PS EA EOS2A12 | EOS3A12 LV Vmon
552,ATLMDTPS3:CAEN/PSMDT01/branchController10/easyCrate3/easyBoard01/channel001.actual.vMon,MDT PS EA EOL3A01 | EOL4A01 LV Vmon
553,ATLMDTPS2:CAEN/PSMDT02/branchController04/easyCrate1/easyBoard13/channel002.actual.vMon,MDT PS BA BOL5A15 | BOS2A16 LV Vmon
554,ATLMDTPS2:CAEN/PSMDT02/branchController06/easyCrate2/easyBoard17/channel002.actual.vMon,MDT PS BC BMS2C06 | BMS3C06 LV Vmon
555,ATLMDTPS3:CAEN/PSMDT01/branchController10/easyCrate0/easyBoard05/channel001.actual.vMon,MDT PS EA EOS4A10 | EOS5A10 LV Vmon
556,ATLMDTPS2:CAEN/PSMDT02/branchController02/easyCrate2/easyBoard17/channel001.actual.vMon,MDT PS BC BML5C13 LV Vmon
557,ATLMDTPS2:CAEN/PSMDT02/branchController03/easyCrate2/easyBoard09/channel004.actual.vMon,MDT PS BC BIS3C10 | BIS4C10 LV Vmon
558,ATLMDTPS3:CAEN/PSMDT01/branchController10/easyCrate1/easyBoard01/channel003.actual.vMon,MDT PS EA EOS2A14 | EOS4A14 LV Vmon
559,ATLMDTPS3:CAEN/PSMDT01/branchController12/easyCrate2/easyBoard13/channel003.actual.vMon,MDT PS EA EES1A14 | EES2A14 LV Vmon
560,ATLMDTPS2:CAEN/PSMDT02/branchController07/easyCrate2/easyBoard01/channel004.actual.vMon,MDT PS BC BIS3C02 | BIS4C02 LV Vmon
561,ATLMDTPS3:CAEN/PSMDT01/branchController12/easyCrate2/easyBoard09/channel001.actual.vMon,MDT PS EA EEL1A15 | EEL2A15 LV Vmon
562,ATLMDTPS3:CAEN/PSMDT01/branchController10/easyCrate1/easyBoard01/channel000.actual.vMon,MDT PS EA EOL1A13 | EOL2A13 LV Vmon
563,ATLMDTPS2:CAEN/PSMDT02/branchController00/easyCrate0/easyBoard13/channel001.actual.vMon,MDT PS BA BOL2A09 | BOS2A10 LV Vmon
564,ATLMDTPS2:CAEN/PSMDT02/branchController03/easyCrate0/easyBoard09/channel002.actual.vMon,MDT PS BA BIL5A09 | BIL6A09 LV Vmon
565,ATLMDTPS2:CAEN/PSMDT02/branchController03/easyCrate2/easyBoard01/channel000.actual.vMon,MDT PS BC BIL1C05 | BIL2C05 LV Vmon
566,ATLMDTPS2:CAEN/PSMDT02/branchController07/easyCrate2/easyBoard05/channel004.actual.vMon,MDT PS BC BIS3C04 | BIS4C04 LV Vmon
567,ATLMDTPS2:CAEN/PSMDT02/branchController05/easyCrate0/easyBoard17/channel000.actual.vMon,MDT PS BA BOS1A02 | BOS2A02 LV Vmon
568,ATLMDTPS3:CAEN/PSMDT01/branchController14/easyCrate4/easyBoard01/channel002.actual.vMon,MDT PS EA EML4A05 | EML5A05 LV Vmon
569,ATLMDTPS2:CAEN/PSMDT02/branchController03/easyCrate0/easyBoard05/channel005.actual.vMon,MDT PS BA BIS5A08 | BIS6A08 LV Vmon
570,ATLMDTPS2:CAEN/PSMDT02/branchController04/easyCrate3/easyBoard09/channel000.actual.vMon,MDT PS BA BOE3A13 LV Vmon
571,ATLMDTPS3:CAEN/PSMDT02/branchController07/easyCrate2/easyBoard17/channel003.actual.vMon,MDT PS EC BIS7C14 | BIS7C16 | BIS8C14 | BIS8C16 LV Vmon
572,ATLMDTPS2:CAEN/PSMDT02/branchController02/easyCrate2/easyBoard09/channel002.actual.vMon,MDT PS BC BMF2C12 | BMF2C14 LV Vmon
573,ATLMDTPS2:CAEN/PSMDT02/branchController07/easyCrate1/easyBoard17/channel001.actual.vMon,MDT PS BA BIS3A16 | BIS4A16 LV Vmon
574,ATLMDTPS2:CAEN/PSMDT02/branchController07/easyCrate2/easyBoard09/channel003.actual.vMon,MDT PS BC BIS1C14 | BIS2C14 LV Vmon
575,ATLMDTPS3:CAEN/PSMDT01/branchController15/easyCrate3/easyBoard01/channel002.actual.vMon,MDT PS EC EML4C01 | EML5C01 LV Vmon
576,ATLMDTPS2:CAEN/PSMDT02/branchController04/easyCrate3/easyBoard05/channel000.actual.vMon,MDT PS BC BOG2C14 | BOG6C14 LV Vmon
577,ATLMDTPS2:CAEN/PSMDT02/branchController03/easyCrate2/easyBoard09/channel003.actual.vMon,MDT PS BC BIS1C10 | BIS2C10 LV Vmon
578,ATLMDTPS2:CAEN/PSMDT02/branchController03/easyCrate2/easyBoard17/channel002.actual.vMon,MDT PS BC BIS5C12 | BIS6C12 LV Vmon
579,ATLMDTPS2:CAEN/PSMDT02/branchController07/easyCrate1/easyBoard01/channel003.actual.vMon,MDT PS BA BIS1A02 | BIS2A02 LV Vmon
580,ATLMDTPS2:CAEN/PSMDT02/branchController02/easyCrate2/easyBoard01/channel002.actual.vMon,MDT PS BA BML4A11 | BML5A11 LV Vmon
581,ATLMDTPS2:CAEN/PSMDT02/branchController05/easyCrate1/easyBoard17/channel001.actual.vMon,MDT PS BA BOS3A04 | BOS4A04 LV Vmon
582,ATLMDTPS2:CAEN/PSMDT02/branchController04/easyCrate2/easyBoard09/channel002.actual.vMon,MDT PS BC BMG2C14 | BMG4C14 LV Vmon
583,ATLMDTPS2:CAEN/PSMDT02/branchController03/easyCrate0/easyBoard01/channel000.actual.vMon,MDT PS BA BIL1A05 | BIL2A05 LV Vmon
584,ATLMDTPS2:CAEN/PSMDT02/branchController06/easyCrate1/easyBoard09/channel000.actual.vMon,MDT PS BC BMS4C16 | BMS6C16 LV Vmon
585,ATLMDTPS3:CAEN/PSMDT01/branchController15/easyCrate0/easyBoard01/channel000.actual.vMon,MDT PS EC EML1C09 | EML1C11 LV Vmon
586,ATLMDTPS3:CAEN/PSMDT01/branchController14/easyCrate3/easyBoard09/channel001.actual.vMon,MDT PS EA EMS4A04 | EMS5A04 LV Vmon
587,ATLMDTPS2:CAEN/PSMDT02/branchController02/easyCrate0/easyBoard17/channel003.actual.vMon,MDT PS BA BMS4A10 | BMS6A10 LV Vmon
588,ATLMDTPS3:CAEN/PSMDT01/branchController12/easyCrate2/easyBoard05/channel000.actual.vMon,MDT PS EA EEL1A13 | EEL2A13 LV Vmon
589,ATLMDTPS2:CAEN/PSMDT02/branchController06/easyCrate1/easyBoard01/channel001.actual.vMon,MDT PS BA BML2A15 | BML3A15 LV Vmon
590,ATLMDTPS2:CAEN/PSMDT02/branchController07/easyCrate2/easyBoard17/channel002.actual.vMon,MDT PS BC BIS5C16 | BIS6C16 LV Vmon
591,ATLMDTPS3:CAEN/PSMDT01/branchController15/easyCrate0/easyBoard05/channel002.actual.vMon,MDT PS EC EML2C11 | EML3C11 LV Vmon
592,ATLMDTPS2:CAEN/PSMDT02/branchController04/easyCrate2/easyBoard01/channel002.actual.vMon,MDT PS BC BOL4C15 | BOL5C15 LV Vmon
593,ATLMDTPS2:CAEN/PSMDT02/branchController07/easyCrate2/easyBoard09/channel002.actual.vMon,MDT PS BC BIL5C13 | BIL6C13 LV Vmon
594,ATLMDTPS2:CAEN/PSMDT02/branchController02/easyCrate0/easyBoard05/channel003.actual.vMon,MDT PS BC BML6C07 | BML6C09 LV Vmon
